date,close,volume
2016-09-06,51.15579605102539,16278400
2016-09-07,51.200191497802734,17493400
2016-09-08,50.9959602355957,20146100
2016-09-09,49.91264343261719,35113900
2016-09-12,50.65851974487305,29303000
2016-09-13,50.19677734375,30130200
2016-09-14,49.957035064697266,24062500
2016-09-15,50.78284454345703,26847000
2016-09-16,50.83612060546875,44607000
2016-09-19,50.55196762084961,20937100
2016-09-20,50.44542694091797,17384000
2016-09-21,51.28898239135742,33707300
2016-09-22,51.34226608276367,19822200
2016-09-23,50.9959602355957,19955300
2016-09-26,50.52534484863281,21688700
2016-09-27,51.457706451416016,28065100
2016-09-28,51.52873992919922,20536400
2016-09-29,50.96931457519531,25463500
2016-09-30,51.14690780639648,29910800
2016-10-03,50.98706817626953,19189500
2016-10-04,50.827247619628906,20085900
2016-10-05,51.18243408203125,16726400
2016-10-06,51.27122497558594,16212600
2016-10-07,51.324501037597656,20089000
2016-10-10,51.537628173828125,18196500
2016-10-11,50.78284454345703,26497400
2016-10-12,50.71180725097656,22177500
2016-10-13,50.5431022644043,25313700
2016-10-14,50.98706817626953,27402500
2016-10-17,50.80949783325195,23830000
2016-10-18,51.200191497802734,19149500
2016-10-19,51.084754943847656,22878400
2016-10-20,50.83612060546875,49455600
2016-10-21,52.97611999511719,80032200
2016-10-24,54.16600036621094,54067000
2016-10-25,54.157127380371094,35137200
2016-10-26,53.83744812011719,29911600
2016-10-27,53.36683654785156,28479900
2016-10-28,53.162593841552734,33574700
2016-10-31,53.206993103027344,26434700
2016-11-01,53.100440979003906,24533000
2016-11-02,52.77190017700195,22147000
2016-11-03,52.57654571533203,21600400
2016-11-04,52.132564544677734,28697000
2016-11-07,53.65098190307617,31664800
2016-11-08,53.69538116455078,22935400
2016-11-09,53.42898941040039,49632500
2016-11-10,52.12367248535156,57822400
2016-11-11,52.40782165527344,38767800
2016-11-14,51.60865020751953,41328400
2016-11-15,52.627777099609375,35904100
2016-11-16,53.3250617980957,27332500
2016-11-17,54.210105895996094,32132700
2016-11-18,53.95084381103515,27686300
2016-11-21,54.406776428222656,19652600
2016-11-22,54.639190673828125,23206700
2016-11-23,53.99555206298828,21848900
2016-11-25,54.11176681518555,8409600
2016-11-28,54.18327713012695,20732600
2016-11-29,54.61238861083984,22366700
2016-11-30,53.870384216308594,34655400
2016-12-01,52.92278289794922,34542100
2016-12-02,52.967472076416016,25515700
2016-12-05,53.83463668823242,23552700
2016-12-06,53.593257904052734,19907000
2016-12-07,54.86269760131836,30809000
2016-12-08,54.54086685180664,21220800
2016-12-09,55.39907455444336,27349400
2016-12-12,55.57786560058594,20198100
2016-12-13,56.301979064941406,35718900
2016-12-14,56.03379440307617,30352700
2016-12-15,55.94440841674805,27669900
2016-12-16,55.6940803527832,42453100
2016-12-19,56.87410736083984,34338200
2016-12-20,56.80260467529297,26028400
2016-12-21,56.80260467529297,17096300
2016-12-22,56.81154251098633,22176600
2016-12-23,56.53440475463867,12403800
2016-12-27,56.57017135620117,11763200
2016-12-28,56.310916900634766,14653300
2016-12-29,56.230464935302734,10250600
2016-12-30,55.551048278808594,25579900
2017-01-03,55.94440841674805,20694100
2017-01-04,55.6940803527832,21340000
2017-01-05,55.6940803527832,24876000
2017-01-06,56.17682266235352,19922900
2017-01-09,55.9980354309082,20382700
2017-01-10,55.98015594482422,18593000
2017-01-11,56.489707946777344,21517300
2017-01-12,55.9712028503418,20968200
2017-01-13,56.05168533325195,19422300
2017-01-17,55.89970016479492,20664000
2017-01-18,55.87286758422851,19670100
2017-01-19,55.6940803527832,18451700
2017-01-20,56.087432861328125,30213500
2017-01-23,56.28410720825195,23097600
2017-01-24,56.78471374511719,24672900
2017-01-25,56.927757263183594,23672700
2017-01-26,57.45519256591797,43554600
2017-01-27,58.80508804321289,44818000
2017-01-30,58.224002838134766,31651400
2017-01-31,57.794898986816406,25270500
2017-02-01,56.838348388671875,39671500
2017-02-02,56.47181701660156,45827000
2017-02-03,56.927757263183594,30301800
2017-02-06,56.89199447631836,19796400
2017-02-07,56.70426177978515,20277200
2017-02-08,56.623817443847656,18096400
2017-02-09,57.2674560546875,22644400
2017-02-10,57.21382522583008,18170700
2017-02-13,57.857479095458984,22920100
2017-02-14,58.07333755493164,23108400
2017-02-15,58.037349700927734,17005200
2017-02-16,58.02835464477539,20546300
2017-02-17,58.118309020996094,21248800
2017-02-21,58.00138092041016,20655900
2017-02-22,57.88445663452149,19292700
2017-02-23,58.118309020996094,20273100
2017-02-24,58.118309020996094,21796800
2017-02-27,57.767547607421875,15871500
2017-02-28,57.542701721191406,23239800
2017-03-01,58.4061164855957,26937500
2017-03-02,57.56967544555664,24539600
2017-03-03,57.7855339050293,18135900
2017-03-06,57.80350875854492,18750300
2017-03-07,57.92043685913086,18521000
2017-03-08,58.451072692871094,21510900
2017-03-09,58.217247009277344,19846800
2017-03-10,58.397117614746094,19538200
2017-03-13,58.19925308227539,20100000
2017-03-14,57.929439544677734,14280200
2017-03-15,58.235233306884766,24833800
2017-03-16,58.13629913330078,20674300
2017-03-17,58.3431510925293,49219700
2017-03-20,58.397117614746094,14598100
2017-03-21,57.74955368041992,26640500
2017-03-22,58.48704147338867,20680000
2017-03-23,58.3431510925293,19269200
2017-03-24,58.44210433959961,22617100
2017-03-27,58.55002212524414,18614700
2017-03-28,58.720890045166016,20080400
2017-03-29,58.88277816772461,13618400
2017-03-30,59.098636627197266,15122800
2017-03-31,59.23353958129883,21040300
2017-04-03,58.954734802246094,20400900
2017-04-04,59.11662292480469,12997400
2017-04-05,58.96370697021485,21448600
2017-04-06,59.11662292480469,18103500
2017-04-07,59.071651458740234,14108500
2017-04-10,58.93674850463867,17952700
2017-04-11,58.891788482666016,18791500
2017-04-12,58.66692733764648,17108500
2017-04-13,58.41510009765625,17896500
2017-04-17,58.891788482666016,16689300
2017-04-18,58.81083297729492,15155600
2017-04-19,58.49605178833008,26992800
2017-04-20,58.90977478027344,22299500
2017-04-21,59.71921920776367,32522600
2017-04-24,60.73551177978515,29770000
2017-04-25,61.0862922668457,30242700
2017-04-26,61.00532913208008,26190800
2017-04-27,61.40105438232422,34971000
2017-04-28,61.57196044921875,39548800
2017-05-01,62.42634201049805,31954400
2017-05-02,62.32742691040039,23906100
2017-05-03,62.12955856323242,28928000
2017-05-04,61.88673782348633,21749400
2017-05-05,62.05760955810547,19128800
2017-05-08,62.0036735534668,18566100
2017-05-09,62.09357452392578,22858400
2017-05-10,62.33641052246094,17977800
2017-05-11,61.57196044921875,28789400
2017-05-12,61.499996185302734,18714100
2017-05-15,61.544952392578125,31530300
2017-05-16,62.78418731689453,34956000
2017-05-17,61.038421630859375,30548800
2017-05-18,61.24647903442383,25201300
2017-05-19,61.22835540771485,26961100
2017-05-22,61.91581344604492,16237600
2017-05-23,62.123870849609375,15425800
2017-05-24,62.205284118652344,14593900
2017-05-25,62.97412872314453,21854100
2017-05-26,63.28166580200195,19827900
2017-05-30,63.6887321472168,17072800
2017-05-31,63.173133850097656,30436400
2017-06-01,63.40830612182617,21603600
2017-06-02,64.90984344482422,34770300
2017-06-05,65.38021850585938,33316800
2017-06-06,65.5973129272461,31511100
2017-06-07,65.4797134399414,22301800
2017-06-08,65.08170318603516,24588300
2017-06-09,63.60730743408203,49187400
2017-06-12,63.118858337402344,47761700
2017-06-13,63.905799865722656,25258600
2017-06-14,63.56207656860352,25510700
2017-06-15,63.22739028930664,26068700
2017-06-16,63.317848205566406,48345100
2017-06-19,64.10478973388672,23798300
2017-06-20,63.2364501953125,21512200
2017-06-21,63.56207656860352,19891100
2017-06-22,63.55304718017578,22965700
2017-06-23,64.41236114501953,27617300
2017-06-26,63.7972526550293,19607000
2017-06-27,62.603271484375,25215100
2017-06-28,63.1369514465332,25806200
2017-06-29,61.95200729370117,28918700
2017-06-30,62.350006103515625,24161100
2017-07-03,61.66256332397461,16165500
2017-07-05,62.48569107055664,21176300
2017-07-06,62.024356842041016,21117600
2017-07-07,62.82942962646485,16878300
2017-07-10,63.29975891113281,15014500
2017-07-11,63.3088264465332,17460000
2017-07-12,64.35809326171875,17750900
2017-07-13,64.91889190673828,20269800
2017-07-14,65.83247375488281,25868100
2017-07-17,66.34805297851562,21803900
2017-07-18,66.30282592773438,26435300
2017-07-19,66.80939483642578,22416200
2017-07-20,67.13504028320312,42361000
2017-07-21,66.74604797363281,46717100
2017-07-24,66.57418823242188,21394800
2017-07-25,67.10787963867188,22018700
2017-07-26,66.98126220703125,16252200
2017-07-27,66.17620849609375,36844200
2017-07-28,66.06767272949219,18306700
2017-07-31,65.76012420654297,23600100
2017-08-01,65.65156555175781,22132300
2017-08-02,65.36213684082031,26499200
2017-08-03,65.26263427734375,18214400
2017-08-04,65.74202728271484,22579000
2017-08-07,65.4887466430664,18705700
2017-08-08,65.84154510498047,22044600
2017-08-09,65.55207824707031,22213400
2017-08-10,64.59327697753906,24734500
2017-08-11,65.57921600341797,21443700
2017-08-14,66.56513977050781,20096600
2017-08-15,66.5833511352539,19181400
2017-08-16,66.9743881225586,18150400
2017-08-17,65.83769989013672,22977500
2017-08-18,65.91948699951172,18761500
2017-08-21,65.61034393310547,17734800
2017-08-22,66.52877807617188,14343700
2017-08-23,66.12866973876953,13766500
2017-08-24,66.10139465332031,17098300
2017-08-25,66.21959686279297,12794300
2017-08-28,66.22870635986328,14569700
2017-08-29,66.42875671386719,11478400
2017-08-30,67.30177307128906,16897800
2017-08-31,67.99285125732422,27652800
2017-09-01,67.23809051513672,21736200
2017-09-05,66.93799591064453,21556000
2017-09-06,66.74703216552734,16535800
2017-09-07,67.60183715820312,17471200
2017-09-08,67.27445220947266,14703800
2017-09-11,67.98377990722656,17910400
2017-09-12,67.91100311279297,14394900
2017-09-13,68.39301300048828,13380800
2017-09-14,67.99285125732422,15733900
2017-09-15,68.4839096069336,38578400
2017-09-18,68.34750366210938,23307000
2017-09-19,68.60214233398438,16093300
2017-09-20,68.1474609375,21587900
2017-09-21,67.4836196899414,19186100
2017-09-22,67.6655044555664,14111400
2017-09-25,66.61972045898438,24149200
2017-09-26,66.61972045898438,18019600
2017-09-27,67.15623474121094,19565100
2017-09-28,67.17443084716797,10883800
2017-09-29,67.73823547363281,17079100
2017-10-02,67.84736633300781,15304800
2017-10-03,67.52909851074219,12190400
2017-10-04,67.92010498046875,13317700
2017-10-05,69.08407592773438,21195300
2017-10-06,69.11139678955078,13959800
2017-10-09,69.37508392333984,11386500
2017-10-10,69.37508392333984,13944500
2017-10-11,69.49329376220703,15388900
2017-10-12,70.1298599243164,16876500
2017-10-13,70.46631622314453,15335700
2017-10-16,70.61180877685547,12380100
2017-10-17,70.5572509765625,16824000
2017-10-18,70.57546997070312,13300700
2017-10-19,70.8482437133789,15092800
2017-10-20,71.66669464111328,22866400
2017-10-23,71.68486785888672,20627200
2017-10-24,71.71215057373047,17517200
2017-10-25,71.50299072265625,20410800
2017-10-26,71.6212158203125,32120700
2017-10-27,76.21349334716797,71066700
2017-10-30,76.2862319946289,31756700
2017-10-31,75.64057159423828,27086600
2017-11-01,75.64057159423828,22307400
2017-11-02,76.43173217773438,23992900
2017-11-03,76.5135498046875,17633500
2017-11-06,76.81365966796875,19860900
2017-11-07,76.63175964355469,17939700
2017-11-08,76.89551544189453,18034200
2017-11-09,76.4681167602539,21178400
2017-11-10,76.26802825927734,19397800
2017-11-13,76.32258605957031,14196900
2017-11-14,76.43173217773438,18801300
2017-11-15,75.83766174316406,19383100
2017-11-16,76.0387191772461,20962800
2017-11-17,75.30757904052734,22079000
2017-11-20,75.42640686035156,16315000
2017-11-21,76.51398468017578,21237500
2017-11-22,75.95645904541016,20553100
2017-11-24,76.09355926513672,7425600
2017-11-27,76.65107727050781,18265200
2017-11-28,77.57411193847656,21926000
2017-11-29,76.16667938232422,27381100
2017-11-30,76.92522430419922,33054600
2017-12-01,77.00749969482422,29532100
2017-12-04,74.1012191772461,39094900
2017-12-05,74.56734466552734,26152300
2017-12-06,75.65486907958984,26162100
2017-12-07,75.38985443115234,23184500
2017-12-08,76.91609954833984,24489100
2017-12-11,77.89400482177734,22857900
2017-12-12,78.21387481689453,23924100
2017-12-13,78.00367736816406,22062700
2017-12-14,77.40049743652344,19306000
2017-12-15,79.37458038330078,53936700
2017-12-18,78.94502258300781,22283800
2017-12-19,78.44236755371094,23524800
2017-12-20,78.15902709960938,23674900
2017-12-21,78.14075469970703,17990700
2017-12-22,78.14990997314453,14145800
2017-12-26,78.04936218261719,9891200
2017-12-27,78.33269500732422,14678000
2017-12-28,78.34181213378906,10594300
2017-12-29,78.17731475830078,18717400
2018-01-02,78.55201721191406,22483800
2018-01-03,78.91758728027344,26061400
2018-01-04,79.61219024658203,21912000
2018-01-05,80.59922790527344,23407100
2018-01-08,80.68148803710938,22113000
2018-01-09,80.62665557861328,19484300
2018-01-10,80.26107788085938,18652200
2018-01-11,80.49869537353516,17808900
2018-01-12,81.88785552978516,24271500
2018-01-16,80.7454605102539,36599700
2018-01-17,82.38137817382812,25621200
2018-01-18,82.34484100341797,24159700
2018-01-19,82.25342559814453,36875000
2018-01-22,83.724853515625,23601600
2018-01-23,83.98990631103516,23412800
2018-01-24,83.91679382324219,33277500
2018-01-25,84.38288116455078,26383200
2018-01-26,85.96395874023438,29172200
2018-01-29,85.83605194091797,31569900
2018-01-30,84.75760650634766,38635100
2018-01-31,86.83223724365234,48756300
2018-02-01,86.14676666259766,47227900
2018-02-02,83.88023376464844,47867800
2018-02-05,80.42558288574219,51031500
2018-02-06,83.46894836425781,67998600
2018-02-07,81.89701080322266,41107600
2018-02-08,77.69295501708984,55628700
2018-02-09,80.59007263183594,63499100
2018-02-12,81.45829772949219,35720300
2018-02-13,82.09809875488281,26407700
2018-02-14,83.3835678100586,34960900
2018-02-15,85.082275390625,27823900
2018-02-16,84.47625732421875,30596900
2018-02-20,85.13738250732422,30911700
2018-02-21,84.00797271728516,26922500
2018-02-22,84.22833251953125,24392800
2018-02-23,86.36779022216797,26329200
2018-02-26,87.6165771484375,30199800
2018-02-27,86.4963607788086,25869100
2018-02-28,86.10149383544922,31167300
2018-03-01,85.25675201416016,37135600
2018-03-02,85.4404067993164,32830400
2018-03-05,85.98213195800781,23901600
2018-03-06,85.68829345703125,22175800
2018-03-07,86.18414306640625,26716100
2018-03-08,86.70755767822266,25887800
2018-03-09,88.64495849609375,36937300
2018-03-12,88.85614013671875,26073700
2018-03-13,86.68919372558594,35387800
2018-03-14,86.17498016357422,32132000
2018-03-15,86.47798919677734,27611000
2018-03-16,86.8636245727539,49081300
2018-03-19,85.2934799194336,33344100
2018-03-20,85.51382446289062,23075200
2018-03-21,84.91699981689453,24457100
2018-03-22,82.44699096679688,38604700
2018-03-23,80.05044555664062,44068900
2018-03-26,86.11070251464844,56396800
2018-03-27,82.15316009521484,56569000
2018-03-28,82.0797119140625,52501100
2018-03-29,83.80595397949219,45867500
2018-04-02,81.2808609008789,48515400
2018-04-03,82.37352752685547,37213800
2018-04-04,84.7792739868164,35560000
2018-04-05,84.82516479492188,29771900
2018-04-06,82.85100555419922,38026000
2018-04-09,83.34683227539062,31533900
2018-04-10,85.28428649902344,26812000
2018-04-11,84.34770202636719,24872100
2018-04-12,85.92703247070312,26758900
2018-04-13,85.46792602539062,23346100
2018-04-16,86.46879577636719,20288100
2018-04-17,88.2134017944336,26771000
2018-04-18,88.55316162109375,21043300
2018-04-19,88.25012969970703,23552500
2018-04-20,87.23091888427734,31154400
2018-04-23,87.55230712890625,22331800
2018-04-24,85.5046615600586,34524800
2018-04-25,84.76091003417969,33729300
2018-04-26,86.55146026611328,42529000
2018-04-27,87.98384857177734,48272800
2018-04-30,85.8719482421875,41523600
2018-05-01,87.23091888427734,31408900
2018-05-02,85.8627700805664,27471000
2018-05-03,86.37696838378906,31142500
2018-05-04,87.37782287597656,22531300
2018-05-07,88.35114288330078,24242000
2018-05-08,87.97469329833984,23484600
2018-05-09,89.01225280761719,27327400
2018-05-10,89.90293884277344,22388100
2018-05-11,89.7101058959961,16778300
2018-05-14,90.01310729980469,19454100
2018-05-15,89.36121368408203,24594000
2018-05-16,89.59175109863281,17384700
2018-05-17,88.69721221923828,17246700
2018-05-18,88.86322021484375,17865800
2018-05-21,90.00672912597656,19422500
2018-05-22,89.91450500488281,15441200
2018-05-23,90.98426818847656,21251200
2018-05-24,90.66149139404295,26649300
2018-05-25,90.70760345458984,18363900
2018-05-29,90.38484954833984,28671000
2018-05-30,91.25170135498048,22158500
2018-05-31,91.1502456665039,34140900
2018-06-01,92.94854736328124,28655600
2018-06-04,93.76007080078124,27281600
2018-06-05,94.2396469116211,23514400
2018-06-06,94.51628875732422,21122900
2018-06-07,93.03155517578124,28232200
2018-06-08,93.72320556640624,22165100
2018-06-11,93.1883316040039,23490900
2018-06-12,93.4281005859375,18325200
2018-06-13,93.0038833618164,29492900
2018-06-14,93.52952575683594,25691800
2018-06-15,92.33990478515624,65738600
2018-06-18,93.01310729980467,23586000
2018-06-19,93.01310729980467,28653100
2018-06-20,93.94451141357422,26180800
2018-06-21,93.27130889892578,23198200
2018-06-22,92.59811401367188,38923100
2018-06-25,90.73526000976562,35433300
2018-06-26,91.37156677246094,26897200
2018-06-27,89.95140075683594,31298400
2018-06-28,90.95661163330078,26650700
2018-06-29,90.93815612792967,28053200
2018-07-02,92.22925567626952,19564500
2018-07-03,91.34391784667967,14670300
2018-07-05,91.99868774414062,18977400
2018-07-06,93.28976440429688,19234600
2018-07-09,93.92606353759766,18212000
2018-07-10,94.1750717163086,19293100
2018-07-11,94.04598236083984,19644600
2018-07-12,96.08404541015624,24335900
2018-07-13,97.22754669189452,24635200
2018-07-16,96.74801635742188,21786900
2018-07-17,97.70708465576172,25901700
2018-07-18,96.94168090820312,29493900
2018-07-19,96.2777099609375,40171600
2018-07-20,98.00218963623048,56004000
2018-07-23,99.5699691772461,29707000
2018-07-24,99.28407287597656,26316600
2018-07-25,102.20745086669922,30702100
2018-07-26,101.09158325195312,31372100
2018-07-27,99.3025131225586,37005300
2018-07-30,97.17222595214844,34668300
2018-07-31,97.82698059082033,27655200
2018-08-01,98.01140594482422,23628700
2018-08-02,99.2010726928711,26104300
2018-08-03,99.63450622558594,18659600
2018-08-06,99.71751403808594,20265900
2018-08-07,100.40914916992188,16080200
2018-08-08,100.97171020507812,15487500
2018-08-09,101.1376724243164,13677200
2018-08-10,100.51981353759766,18183700
2018-08-13,99.79127502441406,18472500
2018-08-14,101.03622436523438,16788300
2018-08-15,99.66615295410156,29982800
2018-08-16,99.6476058959961,21384300
2018-08-17,99.59207153320312,18061500
2018-08-20,98.93478393554688,17914200
2018-08-21,98.11090087890624,22881900
2018-08-22,99.11070251464844,18000600
2018-08-23,99.57357788085938,18167700
2018-08-24,100.3511962890625,17234000
2018-08-27,101.46208190917967,19662300
2018-08-28,102.07308197021484,19151500
2018-08-29,103.7024154663086,20818000
2018-08-30,103.63758850097656,22798700
2018-08-31,103.98938751220705,23222700
2018-09-04,103.41539764404295,22634600
2018-09-05,100.43451690673828,32872400
2018-09-06,100.66593933105467,23477600
2018-09-07,100.17530822753906,22498600
2018-09-10,101.25841522216795,20727900
2018-09-11,102.98030853271484,24301800
2018-09-12,103.41539764404295,18891100
2018-09-13,104.5263214111328,26055600
2018-09-14,104.95217895507812,19122300
2018-09-17,103.8134765625,20736500
2018-09-18,104.8040542602539,22170900
2018-09-19,103.40616607666016,21728400
2018-09-20,105.1373291015625,23714500
2018-09-21,105.77608489990234,71229700
2018-09-24,106.1556167602539,27334500
2018-09-25,105.95196533203124,22668000
2018-09-26,105.51687622070312,19352000
2018-09-27,105.91494750976562,19091300
2018-09-28,105.87789154052734,21647800
2018-10-01,107.0258560180664,18883100
2018-10-02,106.5999984741211,20787200
2018-10-03,106.61851501464844,16648000
2018-10-04,104.41521453857422,34821700
2018-10-05,103.80423736572266,29068900
2018-10-08,102.6192626953125,29640600
2018-10-09,103.9246063232422,26198600
2018-10-10,98.27751922607422,61376300
2018-10-11,98.04606628417967,63904300
2018-10-12,101.43431854248048,47742100
2018-10-15,99.61058807373048,32068100
2018-10-16,102.75812530517578,31610200
2018-10-17,102.48966979980467,26548200
2018-10-18,100.44377136230467,32506200
2018-10-19,100.59188842773438,32785500
2018-10-22,101.48985290527344,26545600
2018-10-23,100.07347869873048,43770400
2018-10-24,94.72261810302734,63897800
2018-10-25,100.25863647460938,61646800
2018-10-26,99.0181121826172,55523100
2018-10-29,96.1390380859375,55162000
2018-10-30,96.02794647216795,65350900
2018-10-31,98.87926483154295,51062400
2018-11-01,98.05532836914062,33384200
2018-11-02,98.27751922607422,37680200
2018-11-05,99.52727508544922,27922100
2018-11-06,99.72168731689452,24340200
2018-11-07,103.64686584472656,37901700
2018-11-08,103.45242309570312,25644100
2018-11-09,101.43431854248048,32039200
2018-11-12,98.93478393554688,33621800
2018-11-13,98.99958801269533,35374600
2018-11-14,97.59568786621094,39495100
2018-11-15,99.7433853149414,38505200
2018-11-16,100.68245697021484,33502100
2018-11-19,97.27029418945312,44773900
2018-11-20,94.564697265625,64052500
2018-11-21,95.86636352539062,28130600
2018-11-23,95.82917022705078,13823100
2018-11-26,98.99030303955078,32336200
2018-11-27,99.61325073242188,29124500
2018-11-28,103.31366729736328,46788500
2018-11-29,102.44898223876952,28123200
2018-11-30,103.09979248046876,33665600
2018-12-03,104.21549224853516,34732800
2018-12-04,100.89625549316406,45197000
2018-12-06,101.51921081542967,49107400
2018-12-07,97.45622253417967,45044900
2018-12-10,100.0316162109375,40801500
2018-12-11,100.96137237548828,42381900
2018-12-12,101.41693878173828,36183000
2018-12-13,101.76094818115234,31333400
2018-12-14,98.5811996459961,47043100
2018-12-17,95.66181182861328,56957300
2018-12-18,96.66593933105467,49319200
2018-12-19,96.40562438964844,68198200
2018-12-20,94.37874603271484,70334200
2018-12-21,91.32916259765624,111242100
2018-12-24,87.51720428466797,43935200
2018-12-26,93.4955062866211,51634800
2018-12-27,94.07193756103516,49498500
2018-12-28,93.3374481201172,38196300
2018-12-31,94.43453979492188,33173800
2019-01-02,94.0161590576172,35329300
2019-01-03,90.5574722290039,42579100
2019-01-04,94.76925659179688,44060600
2019-01-07,94.89009857177734,35656100
2019-01-08,95.57813262939452,31514400
2019-01-09,96.94486236572266,32280800
2019-01-10,96.32194519042967,30067600
2019-01-11,95.57813262939452,28314200
2019-01-14,94.88082122802734,28437100
2019-01-15,97.63288879394533,31587600
2019-01-16,97.9769058227539,29853900
2019-01-17,98.6648941040039,28393000
2019-01-18,100.14320373535156,37427600
2019-01-22,98.25579833984376,32371300
2019-01-23,99.2134246826172,25874300
2019-01-24,98.73927307128906,23164800
2019-01-25,99.64112854003906,31225600
2019-01-28,97.69794464111328,29476700
2019-01-29,95.7082977294922,31490500
2019-01-30,98.9066162109375,49471900
2019-01-31,97.09362030029295,55636400
2019-02-01,95.55953216552734,35535700
2019-02-04,98.31159210205078,31315100
2019-02-05,99.68762969970705,27325400
2019-02-06,98.5811996459961,20609800
2019-02-07,97.87460327148438,29760700
2019-02-08,98.24649810791016,21461100
2019-02-11,97.85601043701172,18914100
2019-02-12,99.38079833984376,25056600
2019-02-13,99.30642700195312,18394900
2019-02-14,99.3900909423828,21784700
2019-02-15,100.61736297607422,26606900
2019-02-19,100.57089233398438,18038500
2019-02-20,100.04798126220705,21607700
2019-02-21,102.15818786621094,29063200
2019-02-22,103.6147918701172,27763200
2019-02-25,104.19367218017578,23750600
2019-02-26,104.9126968383789,21536700
2019-02-27,104.73527526855467,21487100
2019-02-28,104.60453033447266,29083900
2019-03-01,105.07139587402344,23501200
2019-03-04,104.81930541992188,26608000
2019-03-05,104.29640197753906,19538300
2019-03-06,104.34307861328124,17687000
2019-03-07,103.0732421875,25339000
2019-03-08,103.185302734375,22818400
2019-03-11,105.3515167236328,26491600
2019-03-12,106.08914947509766,26132700
2019-03-13,106.91082763671876,35513800
2019-03-14,106.99485778808594,30763400
2019-03-15,108.2273941040039,54681100
2019-03-18,109.77735137939452,31207600
2019-03-19,109.85205078125,37588700
2019-03-20,109.73065948486328,28113300
2019-03-21,112.25170135498048,29854400
2019-03-22,109.29183959960938,33624500
2019-03-25,109.86138916015624,27067100
2019-03-26,110.09481048583984,26097700
2019-03-27,109.03038024902344,22733400
2019-03-28,109.17975616455078,18334800
2019-03-29,110.1228256225586,25399800
2019-04-01,111.1312255859375,22789100
2019-04-02,111.28997802734376,18142300
2019-04-03,112.01828002929688,22860700
2019-04-04,111.4487075805664,20112800
2019-04-05,111.94357299804688,15826200
2019-04-08,111.98092651367188,15116200
2019-04-09,111.37399291992188,17612000
2019-04-10,112.22369384765624,16477200
2019-04-11,112.35442352294922,14209100
2019-04-12,112.9333038330078,19745100
2019-04-15,113.02668762207033,15792600
2019-04-16,112.76524353027344,14071800
2019-04-17,113.69893646240234,19300900
2019-04-18,115.1929168701172,27991000
2019-04-22,115.55706787109376,15648700
2019-04-23,117.12570190429688,24025500
2019-04-24,116.72421264648438,31257000
2019-04-25,120.5897979736328,38033900
2019-04-26,121.28076934814452,23654900
2019-04-29,121.16869354248048,16324200
2019-04-30,121.94371795654295,24166500
2019-05-01,119.40398406982422,26821700
2019-05-02,117.84466552734376,27350200
2019-05-03,120.35637664794922,24911100
2019-05-06,119.65608978271484,24239800
2019-05-07,117.20040893554688,36017700
2019-05-08,117.19107818603516,28419000
2019-05-09,117.18173217773438,27235800
2019-05-10,118.7036590576172,30915100
2019-05-13,115.17425537109376,33944900
2019-05-14,116.46277618408205,25266300
2019-05-15,118.10282135009766,24722700
2019-05-16,120.83000946044922,30112200
2019-05-17,120.02405548095705,25770500
2019-05-20,118.2902603149414,23706900
2019-05-21,118.9275360107422,15293300
2019-05-22,119.6491470336914,15396500
2019-05-23,118.25276947021484,23603800
2019-05-24,118.30899810791016,14123400
2019-05-28,118.23402404785156,23128400
2019-05-29,117.09069061279295,22763100
2019-05-30,117.83103942871094,16829600
2019-05-31,115.90985870361328,26646800
2019-06-03,112.31108856201172,37983600
2019-06-04,115.42252349853516,29382600
2019-06-05,117.9247817993164,24926100
2019-06-06,119.7897491455078,21459000
2019-06-07,123.14483642578124,33885600
2019-06-10,124.26945495605467,26477100
2019-06-11,123.8009033203125,23913700
2019-06-12,123.22917175292967,17092500
2019-06-13,124.0070571899414,17200800
2019-06-14,124.1288833618164,17821700
2019-06-17,124.50376892089844,14517800
2019-06-18,126.66863250732422,25934500
2019-06-19,127.1653289794922,23744400
2019-06-20,128.3461456298828,33042600
2019-06-21,128.36492919921875,36727900
2019-06-24,129.12400817871094,20628800
2019-06-25,125.04727935791016,33327400
2019-06-26,125.515869140625,23657700
2019-06-27,125.72205352783205,16557500
2019-06-28,125.54401397705078,30043000
2019-07-01,127.15592956542967,22613500
2019-07-02,127.99942016601562,15237800
2019-07-03,128.8241424560547,13629300
2019-07-05,128.4492645263672,18141100
2019-07-08,128.35552978515625,16779700
2019-07-09,127.88697814941406,19953100
2019-07-10,129.18960571289062,24204400
2019-07-11,129.7050323486328,22327900
2019-07-12,130.17364501953125,18936800
2019-07-15,130.17364501953125,16651500
2019-07-16,128.4679718017578,22726100
2019-07-17,127.70887756347656,20211000
2019-07-18,127.84945678710938,30381800
2019-07-19,128.03684997558594,48992400
2019-07-22,129.73318481445312,25074900
2019-07-23,130.5391387939453,18034600
2019-07-24,131.87930297851562,20738300
2019-07-25,131.382568359375,18356900
2019-07-26,132.46031188964844,19037600
2019-07-29,132.16983032226562,16605900
2019-07-30,131.53253173828125,16846500
2019-07-31,127.70887756347656,38598800
2019-08-01,129.38645935058594,40557500
2019-08-02,128.29930114746094,30791600
2019-08-05,123.90393829345705,42749600
2019-08-06,126.2281723022461,32696700
2019-08-07,126.78105926513672,33414500
2019-08-08,130.1642608642578,27496500
2019-08-09,129.0583953857422,23466700
2019-08-12,127.25900268554688,20484300
2019-08-13,129.89247131347656,25154600
2019-08-14,125.9808120727539,32527300
2019-08-15,125.6987762451172,28074400
2019-08-16,128.0025177001953,24449100
2019-08-19,130.14634704589844,24355700
2019-08-20,129.06500244140625,21170800
2019-08-21,130.503662109375,14970300
2019-08-22,129.55401611328125,18697000
2019-08-23,125.42607879638672,38508600
2019-08-26,127.36312103271484,20312600
2019-08-27,127.63579559326172,23102100
2019-08-28,127.4665298461914,17393300
2019-08-29,129.87371826171875,20168700
2019-08-30,129.62924194335938,23940100
2019-09-03,127.91789245605467,18869300
2019-09-04,129.41293334960938,17995900
2019-09-05,131.6884765625,26101800
2019-09-06,130.79519653320312,20824500
2019-09-09,129.30953979492188,25773900
2019-09-10,127.95551300048828,28903400
2019-09-11,127.99309539794922,24726100
2019-09-12,129.30953979492188,27010000
2019-09-13,129.12144470214844,23363100
2019-09-16,128.19058227539062,16731400
2019-09-17,129.1873016357422,17814200
2019-09-18,130.24978637695312,23982100
2019-09-19,132.64752197265625,35772100
2019-09-20,131.1148681640625,39167300
2019-09-23,130.8328094482422,17139300
2019-09-24,129.17782592773438,29773200
2019-09-25,131.03964233398438,21382000
2019-09-26,131.2088623046875,17456600
2019-09-27,129.5070037841797,22477700
2019-09-30,130.7293701171875,17280900
2019-10-01,128.8863983154297,21466600
2019-10-02,126.6108856201172,30521700
2019-10-03,128.1435546875,24132900
2019-10-04,129.87371826171875,22897700
2019-10-07,128.93341064453125,15303700
2019-10-08,127.56993865966795,25550500
2019-10-09,129.986572265625,19749900
2019-10-10,130.79519653320312,17654600
2019-10-11,131.3404998779297,25446000
2019-10-14,131.2183380126953,13304300
2019-10-15,133.1177215576172,19695700
2019-10-16,132.0269775390625,20751600
2019-10-17,131.34999084472656,21460600
2019-10-18,129.20608520507812,32273500
2019-10-21,130.16519165039062,20078200
2019-10-22,128.2281951904297,27431000
2019-10-23,129.04624938964844,29844600
2019-10-24,131.58502197265625,37029300
2019-10-25,132.32786560058594,25959700
2019-10-28,135.58131408691406,35280100
2019-10-29,134.30250549316406,20589500
2019-10-30,135.9761962890625,18496600
2019-10-31,134.8102264404297,24605100
2019-11-01,135.13934326171875,33128400
2019-11-04,135.91981506347656,16912000
2019-11-05,135.83517456054688,18250200
2019-11-06,135.4590606689453,16575800
2019-11-07,135.64707946777344,17786700
2019-11-08,137.24563598632812,16732700
2019-11-11,137.3866424560547,14362600
2019-11-12,138.28933715820312,18641600
2019-11-13,138.51499938964844,16919200
2019-11-14,139.22023010253906,19729800
2019-11-15,141.0161895751953,23485700
2019-11-18,141.3640899658203,21534000
2019-11-19,141.41107177734375,23935700
2019-11-20,141.16586303710938,25696800
2019-11-21,141.03375244140625,18576100
2019-11-22,141.1374969482422,15901800
2019-11-25,142.6848602294922,22420900
2019-11-26,143.43960571289062,24620100
2019-11-27,143.71327209472656,15184400
2019-11-29,142.82638549804688,11977300
2019-12-02,141.0998077392578,27418400
2019-12-03,140.87327575683594,24066000
2019-12-04,141.3827667236328,17574700
2019-12-05,141.4583282470703,17869100
2019-12-06,143.17544555664062,16403500
2019-12-09,142.80751037597656,16687400
2019-12-10,142.5905303955078,16476100
2019-12-11,143.12828063964844,18856600
2019-12-12,144.581298828125,24612100
2019-12-13,145.79840087890625,23845400
2019-12-16,146.7418975830078,24144200
2019-12-17,145.94935607910156,25425600
2019-12-18,145.64739990234375,24129200
2019-12-19,146.9116973876953,24958900
2019-12-20,148.515625,53477500
2019-12-23,148.515625,17718200
2019-12-24,148.4873504638672,8989200
2019-12-26,149.70445251464844,14520600
2019-12-27,149.97805786132812,18412800
2019-12-30,148.6854705810547,16348400
2019-12-31,148.7892608642578,18369400
2020-01-02,151.5442657470703,22622100
2020-01-03,149.65728759765625,21116200
2020-01-06,150.0440673828125,20813700
2020-01-07,148.6760711669922,21634100
2020-01-08,151.04420471191406,27746500
2020-01-09,152.93121337890625,21385000
2020-01-10,152.22360229492188,20725900
2020-01-13,154.05397033691406,21626500
2020-01-14,152.96893310546875,23477400
2020-01-15,153.95960998535156,21417900
2020-01-16,156.7806854248047,23865400
2020-01-17,157.65814208984375,34371700
2020-01-21,157.0919952392578,29517200
2020-01-22,156.33724975585938,24138800
2020-01-23,157.29957580566406,19680800
2020-01-24,155.7145233154297,24918100
2020-01-27,153.11045837402344,32078100
2020-01-28,156.11077880859375,24899900
2020-01-29,158.5449981689453,34754500
2020-01-30,163.01719665527344,51597500
2020-01-31,160.61122131347656,36142700
2020-02-03,164.52676391601562,30107000
2020-02-04,169.94244384765625,36433300
2020-02-05,169.73487854003906,39186300
2020-02-06,173.25408935546875,27751400
2020-02-07,173.4994354248047,33529100
2020-02-10,178.03765869140625,35844300
2020-02-11,174.01832580566406,53159900
2020-02-12,174.27304077148438,47062900
2020-02-13,173.32957458496094,35295800
2020-02-14,174.87689208984375,23149500
2020-02-18,176.6506805419922,27792200
2020-02-19,177.18048095703125,29997500
2020-02-20,174.4747314453125,36862400
2020-02-21,168.9591064453125,48572600
2020-02-24,161.67437744140625,68311100
2020-02-25,159.0064697265625,68073300
2020-02-26,160.9932098388672,56206100
2020-02-27,149.64976501464844,93174900
2020-02-28,153.27322387695312,97012700
2020-03-02,163.4718780517578,71030800
2020-03-03,155.63839721679688,71677000
2020-03-04,161.35269165039062,49814400
2020-03-05,157.30352783203125,47817300
2020-03-06,152.85694885253906,72821100
2020-03-09,142.49740600585938,70419300
2020-03-10,152.2419891357422,65354400
2020-03-11,145.34512329101562,56371600
2020-03-12,131.5608367919922,93226400
2020-03-13,150.26473999023438,92727400
2020-03-16,128.1171417236328,87905900
2020-03-17,138.66586303710938,81059800
2020-03-18,132.82859802246094,81593200
2020-03-19,135.01405334472656,85922700
2020-03-20,129.94305419921875,84866200
2020-03-23,128.6469268798828,78975200
2020-03-24,140.3404083251953,82516700
2020-03-25,138.9969940185547,75638200
2020-03-26,147.69139099121094,64568100
2020-03-27,141.62709045410156,57042300
2020-03-30,151.58920288085938,63420300
2020-03-31,149.2051239013672,77927200
2020-04-01,143.90707397460938,57969900
2020-04-02,146.88723754882812,49630700
2020-04-03,145.53436279296875,41243300
2020-04-06,156.35743713378906,67111700
2020-04-07,154.67340087890625,62769000
2020-04-08,156.22496032714844,48318200
2020-04-09,156.23446655273438,51385100
2020-04-13,156.58445739746094,41905300
2020-04-14,164.33285522460938,52874300
2020-04-15,162.6109619140625,40940800
2020-04-16,167.49267578125,50479600
2020-04-17,168.9685821533203,52765600
2020-04-20,165.61944580078125,36669600
2020-04-21,158.76992797851562,56203700
2020-04-22,164.16253662109375,34620200
2020-04-23,162.17578125,32790800
2020-04-24,165.13697814941406,34277600
2020-04-27,164.6639404296875,33194400
2020-04-28,160.652587890625,34392700
2020-04-29,167.8616485595703,51286600
2020-04-30,169.54566955566406,53875900
2020-05-01,165.1559295654297,39370500
2020-05-04,169.19566345214844,30372900
2020-05-05,171.0120849609375,36839200
2020-05-06,172.69610595703125,32139300
2020-05-07,173.698974609375,28316000
2020-05-08,174.72071838378906,30877800
2020-05-11,176.6696014404297,30892700
2020-05-12,172.667724609375,32038200
2020-05-13,170.0565948486328,44711500
2020-05-14,170.79452514648438,41873900
2020-05-15,173.28269958496094,46610400
2020-05-18,174.93832397460938,35264500
2020-05-19,173.72726440429688,26799100
2020-05-20,176.13706970214844,31261300
2020-05-21,174.0214385986328,29119500
2020-05-22,174.09730529785156,20826900
2020-05-26,172.2568359375,36073600
2020-05-27,172.4845428466797,39517100
2020-05-28,172.0955352783203,33810200
2020-05-29,173.8506622314453,42130400
2020-06-01,173.4521942138672,22622400
2020-06-02,175.425537109375,30794600
2020-06-03,175.85238647460938,27311000
2020-06-04,173.5375518798828,28761800
2020-06-05,177.59805297851562,39893600
2020-06-08,178.69854736328125,33211600
2020-06-09,180.06468200683594,29783900
2020-06-10,186.74359130859375,43872300
2020-06-11,176.71578979492188,52854700
2020-06-12,178.11036682128906,43373600
2020-06-15,179.2488555908203,32770200
2020-06-16,183.6413116455078,42556700
2020-06-17,184.27699279785156,25687800
2020-06-18,186.25030517578125,23061600
2020-06-19,185.14024353027344,44441100
2020-06-22,190.2822723388672,32818900
2020-06-23,191.5535430908203,30917400
2020-06-24,187.6923065185547,36740600
2020-06-25,190.06407165527344,27803900
2020-06-26,186.259765625,54675800
2020-06-29,188.2615203857422,26701600
2020-06-30,193.07144165039065,34310300
2020-07-01,194.2004241943359,32061200
2020-07-02,195.6804656982422,29315800
2020-07-06,199.89271545410156,31897600
2020-07-07,197.56837463378903,33600700
2020-07-08,201.9134063720703,33600000
2020-07-09,203.32704162597656,33121700
2020-07-10,202.71034240722656,26177600
2020-07-13,196.4488983154297,38135600
2020-07-14,197.66323852539065,37591800
2020-07-15,197.36912536621097,32179400
2020-07-16,193.46043395996097,29940700
2020-07-17,192.4738006591797,31635300
2020-07-20,200.74655151367188,36884800
2020-07-21,198.042724609375,37990400
2020-07-22,200.88882446289065,49605700
2020-07-23,192.1511993408203,67457000
2020-07-24,190.97482299804688,39827000
2020-07-27,193.39401245117188,30160900
2020-07-28,191.6578826904297,23251400
2020-07-29,193.59324645996097,19632600
2020-07-30,193.44143676757812,25079600
2020-07-31,194.4945373535156,51044000
2020-08-03,205.43310546875,78983000
2020-08-04,202.3498382568359,49280100
2020-08-05,202.01779174804688,28806400
2020-08-06,205.2528533935547,32656800
2020-08-07,201.5814208984375,27820400
2020-08-10,197.56837463378903,36716500
2020-08-11,192.9481506347656,36446500
2020-08-12,198.46011352539065,28013100
2020-08-13,197.99522399902344,22588900
2020-08-14,198.1850128173828,17958900
2020-08-17,199.4942321777344,20184800
2020-08-18,200.6421661376953,21336200
2020-08-19,199.4248962402344,27627600
2020-08-20,204.06578063964844,26981500
2020-08-21,202.5821990966797,36249300
2020-08-24,203.21939086914065,25460100
2020-08-25,205.8631591796875,23043700
2020-08-26,210.31385803222656,39600800
2020-08-27,215.4777984619141,57602200
2020-08-28,217.69363403320312,26292900
2020-08-31,214.479248046875,28774200
2020-09-01,216.1339874267578,25725500
2020-09-02,220.29931640625,34080800
2020-09-03,206.6525115966797,58400300
2020-09-04,203.75192260742188,59664100
2020-09-08,192.72984313964844,52924300
2020-09-09,200.93698120117188,45679000
2020-09-10,195.3070373535156,35461500
2020-09-11,194.03268432617188,33620100
2020-09-14,195.3451232910156,30375800
2020-09-15,198.54998779296875,21823900
2020-09-16,195.00274658203125,26328100
2020-09-17,192.9675750732422,34011300
2020-09-18,190.57107543945312,55225300
2020-09-21,192.61572265625,39839700
2020-09-22,197.256591796875,33517100
2020-09-23,190.7612762451172,30803800
2020-09-24,193.23387145996097,31202500
2020-09-25,197.6369781494141,29437300
2020-09-28,199.1776123046875,32004900
2020-09-29,197.10446166992188,24221900
2020-09-30,200.02403259277344,33829100
2020-10-01,202.04965209960935,27158400
2020-10-02,196.0868682861328,33154800
2020-10-05,200.0715484619141,21331600
2020-10-06,195.82058715820312,28554300
2020-10-07,199.54852294921875,25681100
2020-10-08,200.2617950439453,19925800
2020-10-09,205.2355194091797,26458000
2020-10-12,210.5515899658203,40461400
2020-10-13,211.9400634765625,28950800
2020-10-14,210.03805541992188,23421700
2020-10-15,208.89683532714844,22733100
2020-10-16,208.89683532714844,26057900
2020-10-19,203.7234039306641,27625800
2020-10-20,204.13233947753903,22753500
2020-10-21,204.27500915527344,22724900
2020-10-22,204.360595703125,22351500
2020-10-23,205.63491821289065,18879600
2020-10-26,199.78628540039065,37111600
2020-10-27,202.80091857910156,36700300
2020-10-28,192.74887084960935,51195600
2020-10-29,194.68885803222656,31432600
2020-10-30,192.54916381835935,36953700
2020-11-02,192.416015625,30842200
2020-11-03,196.31512451171875,27512000
2020-11-04,205.78704833984375,42311800
2020-11-05,212.3490295410156,36080100
2020-11-06,212.7579040527344,25231900
2020-11-09,207.6890869140625,44395000
2020-11-10,200.67068481445312,44045100
2020-11-11,205.9392547607422,29440800
2020-11-12,204.8836212158203,21593900
2020-11-13,205.9011993408203,18621100
2020-11-16,206.58592224121097,24953300
2020-11-17,203.95164489746097,24154100
2020-11-18,201.26280212402344,28372800
2020-11-19,202.5404510498047,24792700
2020-11-20,200.60491943359375,22843100
2020-11-23,200.33792114257812,25683500
2020-11-24,203.9135284423828,33979700
2020-11-25,203.9230499267578,21012900
2020-11-27,205.2198181152344,14512200
2020-11-30,204.11373901367188,33064800
2020-12-01,206.1542205810547,30904500
2020-12-02,205.35330200195312,23724500
2020-12-03,204.27584838867188,25120900
2020-12-04,204.39024353027344,24666000
2020-12-07,204.323486328125,24620000
2020-12-08,205.96348571777344,23284100
2020-12-09,201.94932556152344,32440600
2020-12-10,200.72885131835935,26733300
2020-12-11,203.3413543701172,30979400
2020-12-14,204.2377166748047,28798400
2020-12-15,204.17100524902344,27000600
2020-12-16,209.0814208984375,35023300
2020-12-17,209.2149200439453,32515800
2020-12-18,208.42352294921875,63354900
2020-12-21,212.2375030517578,37181900
2020-12-22,213.52468872070312,22612200
2020-12-23,210.7405242919922,18699600
2020-12-24,212.3900451660156,10550600
2020-12-28,214.49725341796875,17933500
2020-12-29,213.72494506835935,17403200
2020-12-30,211.3697967529297,20272300
2020-12-31,212.07537841796875,20942100
2021-01-04,207.5653839111328,37130100
2021-01-05,207.765625,23823000
2021-01-06,202.37838745117188,35930700
2021-01-07,208.1374969482422,27694500
2021-01-08,209.4056396484375,22956200
2021-01-11,207.37469482421875,23031300
2021-01-12,204.9337615966797,23249300
2021-01-13,206.27816772460935,20087100
2021-01-14,203.11257934570312,29480800
2021-01-15,202.759765625,31746500
2021-01-19,206.37351989746097,30480900
2021-01-20,213.90611267089844,37777300
2021-01-21,214.5067901611328,30709400
2021-01-22,215.44122314453125,30172700
2021-01-25,218.854736328125,33152100
2021-01-26,221.52452087402344,49169600
2021-01-27,222.06797790527344,69870600
2021-01-28,227.81748962402344,49111200
2021-01-29,221.1716766357422,42503100
2021-02-01,228.50404357910156,33314200
2021-02-02,228.3705291748047,25916300
2021-02-03,231.6982421875,27158100
2021-02-04,230.7542724609375,25296100
2021-02-05,230.93544006347656,18054800
2021-02-08,231.19288635253903,22211900
2021-02-09,232.4324188232422,23565000
2021-02-10,231.5265960693359,22186700
2021-02-11,233.11892700195312,15751100
2021-02-12,233.59568786621097,16561100
2021-02-16,232.36566162109375,26728500
2021-02-17,233.3786773681641,21653500
2021-02-18,232.98684692382812,16925600
2021-02-19,230.29180908203125,25262600
2021-02-22,224.11810302734375,36446900
2021-02-23,222.9330291748047,30228700
2021-02-24,224.1562957763672,26339700
2021-02-25,218.84271240234375,39542200
2021-02-26,222.08245849609375,37819200
2021-03-01,226.44039916992188,25324000
2021-03-02,223.5064392089844,22812500
2021-03-03,217.47608947753903,34029500
2021-03-04,216.6828460693359,44727800
2021-03-05,221.33706665039065,41872800
2021-03-08,217.3135986328125,35267400
2021-03-09,223.42041015625,33080500
2021-03-10,222.1206817626953,29746800
2021-03-11,226.6219787597656,29907600
2021-03-12,225.30311584472656,22653700
2021-03-15,224.40481567382812,26034900
2021-03-16,227.17630004882812,28092200
2021-03-17,226.53598022460935,29562100
2021-03-18,220.49606323242188,34833000
2021-03-19,220.14242553710935,46430700
2021-03-22,225.53253173828125,30127000
2021-03-23,227.0520477294922,31638400
2021-03-24,225.0260467529297,25620100
2021-03-25,222.04425048828125,34061900
2021-03-26,226.0007781982422,25479900
2021-03-29,224.8157501220703,25227500
2021-03-30,221.57595825195312,24792000
2021-03-31,225.32225036621097,43623500
2021-04-01,231.61070251464844,30338000
2021-04-05,238.0328826904297,36910600
2021-04-06,236.8765106201172,22931900
2021-04-07,238.8261260986328,22719800
2021-04-08,242.02764892578125,23625200
2021-04-09,244.5124359130859,24326800
2021-04-12,244.5697784423828,27148700
2021-04-13,247.03546142578125,23837500
2021-04-14,244.26397705078125,23070900
2021-04-15,248.0006561279297,25627500
2021-04-16,249.1857452392578,24878600
2021-04-19,247.27438354492188,23209300
2021-04-20,246.81561279296875,19722900
2021-04-21,249.0328369140625,24030400
2021-04-22,245.77395629882812,25606200
2021-04-23,249.57757568359375,21462600
2021-04-26,249.9598388671875,19763300
2021-04-27,250.36129760742188,31014200
2021-04-28,243.27963256835935,46903100
2021-04-29,241.32041931152344,40589000
2021-04-30,241.00503540039065,30945100
2021-05-03,240.6992645263672,19626600
2021-05-04,236.80960083007812,32756100
2021-05-05,235.5480804443359,21901300
2021-05-06,238.66363525390625,26491100
2021-05-07,241.2726593017578,27032900
2021-05-10,236.22662353515625,29299900
2021-05-11,235.31871032714844,33641600
2021-05-12,228.4091339111328,36684400
2021-05-13,232.2605133056641,29624300
2021-05-14,237.15365600585935,23901100
2021-05-17,234.3152618408203,24970200
2021-05-18,232.3083343505859,20168000
2021-05-19,232.8830718994141,25739800
2021-05-20,236.10157775878903,21800700
2021-05-21,234.84674072265625,21863100
2021-05-24,240.2205352783203,21411500
2021-05-25,241.12095642089844,17704300
2021-05-26,240.90066528320312,17771600
2021-05-27,238.8124237060547,24426200
2021-05-28,239.16680908203125,18270200
2021-06-01,236.9828338623047,23213300
2021-06-02,236.88705444335935,19406700
2021-06-03,235.3639984130859,25307700
2021-06-04,240.2301025390625,25281100
2021-06-07,243.1229248046875,23079200
2021-06-08,241.93516540527344,22455000
2021-06-09,242.9121856689453,17937600
2021-06-10,246.4084930419922,24563600
2021-06-11,247.0311584472656,18999700
2021-06-14,248.9468994140625,19150500
2021-06-15,247.4813232421875,18038900
2021-06-16,246.54258728027344,27220000
2021-06-17,249.9143829345703,27565500
2021-06-18,248.50634765625,37202200
2021-06-21,251.5715789794922,26696100
2021-06-22,254.3303375244141,24694100
2021-06-23,254.100341796875,19518700
2021-06-24,255.46058654785156,21446900
2021-06-25,253.8609313964844,25611100
2021-06-28,257.4051818847656,19590000
2021-06-29,259.9723205566406,19937800
2021-06-30,259.4933166503906,21656500
2021-07-01,260.1639099121094,16725300
2021-07-02,265.9591369628906,26458000
2021-07-06,265.9686584472656,31565600
2021-07-07,268.1430969238281,23260000
2021-07-08,265.73883056640625,24618600
2021-07-09,266.23687744140625,23916700
2021-07-12,265.64300537109375,18931700
2021-07-13,269.14886474609375,26120100
2021-07-14,270.614501953125,23113700
2021-07-15,269.19683837890625,22604200
2021-07-16,268.92864990234375,26186800
2021-07-19,265.3460388183594,32935600
2021-07-20,267.558837890625,26259700
2021-07-21,269.55120849609375,24364300
2021-07-22,274.0915832519531,23384100
2021-07-23,277.47308349609375,22768100
2021-07-26,276.8791198730469,23176100
2021-07-27,274.47479248046875,33604100
2021-07-28,274.1682434082031,33566900
2021-07-29,274.43646240234375,18168300
2021-07-30,272.9134521484375,20944800
2021-08-02,272.8272399902344,16267400
2021-08-03,275.03033447265625,17879000
2021-08-04,274.4460754394531,16191300
2021-08-05,277.3293151855469,13900200
2021-08-06,277.2718811035156,16589300
2021-08-09,276.1894226074219,16117600
2021-08-10,274.37896728515625,18616600
2021-08-11,274.8675537109375,13955900
2021-08-12,277.60711669921875,14561300
2021-08-13,280.51910400390625,18249000
2021-08-16,282.1954345703125,22507600
2021-08-17,280.7393798828125,20075300
2021-08-18,279.02142333984375,21813000
2021-08-19,284.8182678222656,29850500
2021-08-20,292.1025085449219,40817600
2021-08-23,292.38092041015625,22830200
2021-08-24,290.4327087402344,18175800
2021-08-25,289.8471984863281,20006100
2021-08-26,287.0448303222656,17666100
2021-08-27,287.64947509765625,22605700
2021-08-30,291.36358642578125,16348100
2021-08-31,289.7224426269531,26285300
2021-09-01,289.6744384765625,18983800
2021-09-02,289.02178955078125,16285600
2021-09-03,289.0122985839844,14747900
2021-09-07,288.0909423828125,17180400
2021-09-08,288.1196594238281,15046800
2021-09-09,285.27899169921875,19927000
2021-09-10,283.80096435546875,19633400
2021-09-13,285.02935791015625,23652900
2021-09-14,287.7166442871094,21853400
2021-09-15,292.5440368652344,28356300
2021-09-16,292.9279479980469,19550800
2021-09-17,287.79345703125,41372500
2021-09-20,282.44769287109375,38278700
2021-09-21,282.92755126953125,22364100
2021-09-22,286.5552978515625,26626300
2021-09-23,287.4958801269531,18604600
2021-09-24,287.2943420410156,14999000
2021-09-27,282.322998046875,23571700
2021-09-28,272.10186767578125,43186200
2021-09-29,272.5625,26353700
2021-09-30,270.56634521484375,32343600
2021-10-01,277.4571533203125,30086300
2021-10-04,271.7083740234375,31350700
2021-10-05,277.130859375,24993000
2021-10-06,281.3056640625,28002600
2021-10-07,282.9755859375,20430500
2021-10-08,282.9755859375,17685700
2021-10-11,282.38055419921875,19298600
2021-10-12,281.08489990234375,17974100
2021-10-13,284.3768310546875,23416300
2021-10-14,290.5574645996094,27262900
2021-10-15,291.95855712890625,25384800
2021-10-18,294.91461181640625,22729300
2021-10-19,295.81671142578125,17682100
2021-10-20,295.0297546386719,16537100
2021-10-21,298.2448425292969,16918100
2021-10-22,296.70928955078125,17449300
2021-10-25,295.720703125,17554500
2021-10-26,297.62103271484375,28107300
2021-10-27,310.1549987792969,52588700
2021-10-28,311.2875671386719,26297900
2021-10-29,318.26470947265625,34766000
2021-11-01,316.1053771972656,27073200
2021-11-02,319.71392822265625,26487100
2021-11-03,320.54888916015625,21500100
2021-11-04,322.8905334472656,23992200
2021-11-05,322.5260009765625,22570100
2021-11-08,323.41851806640625,20897000
2021-11-09,322.42041015625,21307400
2021-11-10,317.477783203125,25500900
2021-11-11,319.0421447753906,16849800
2021-11-12,323.1593933105469,23831000
2021-11-15,322.53558349609375,16723000
2021-11-16,325.8370361328125,20886800
2021-11-17,326.05816650390625,19053400
2021-11-18,328.1253662109375,22463500
2021-11-19,329.89447021484375,21963400
2021-11-22,326.7408447265625,31031100
2021-11-23,324.673583984375,30427600
2021-11-24,324.894775390625,21661300
2021-11-26,316.9817199707031,24217200
2021-11-29,323.6640319824219,28563500
2021-11-30,317.85662841796875,42885600
2021-12-01,317.3663024902344,33337600
2021-12-02,316.79901123046875,30766000
2021-12-03,310.568603515625,41779300
2021-12-06,313.6261291503906,30032600
2021-12-07,322.01995849609375,31021900
2021-12-08,322.0679626464844,24761000
2021-12-09,320.27001953125,22214200
2021-12-10,329.34649658203125,38095700
2021-12-13,326.3273620605469,28899400
2021-12-14,315.6933288574219,44438700
2021-12-15,321.7602844238281,35381100
2021-12-16,312.3858337402344,35034800
2021-12-17,311.32830810546875,47750300
2021-12-20,307.5880432128906,28326500
2021-12-21,314.6838073730469,24740600
2021-12-22,320.3661193847656,24831500
2021-12-23,321.798828125,19617800
2021-12-27,329.25982666015625,19947000
2021-12-28,328.1060791015625,15661500
2021-12-29,328.7791748046875,15042000
2021-12-30,326.25048828125,15994500
2021-12-31,323.3659973144531,18000800
2022-01-03,321.8564758300781,28865100
2022-01-04,316.33758544921875,32674300
2022-01-05,304.19403076171875,40054300
2022-01-06,301.7903137207031,39646100
2022-01-07,301.94415283203125,32720000
2022-01-10,302.1653137207031,44289500
2022-01-11,302.8479919433594,29386800
2022-01-12,306.01123046875,34372200
2022-01-13,293.06005859375,45366000
2022-01-14,298.2520446777344,39846400
2022-01-18,290.9927978515625,42333200
2022-01-19,291.64666748046875,45933900
2022-01-20,289.9832763671875,35380700
2022-01-21,284.6278076171875,57984400
2022-01-24,284.9546813964844,85731500
2022-01-25,277.3782958984375,72848600
2022-01-26,285.2815856933594,90428900
2022-01-27,288.2911071777344,53481300
2022-01-28,296.3867492675781,49743700
2022-01-31,299.0020751953125,46444500
2022-02-01,296.8675537109375,40950400
2022-02-02,301.386474609375,36636000
2022-02-03,289.64678955078125,43730000
2022-02-04,294.1560974121094,35096500
2022-02-07,289.35833740234375,28533300
2022-02-08,292.82928466796875,32421200
2022-02-09,299.2231140136719,31284700
2022-02-10,290.73321533203125,45386200
2022-02-11,283.6760559082031,39175600
2022-02-14,283.63751220703125,36359500
2022-02-15,288.89691162109375,27058300
2022-02-16,288.5596923828125,29982100
2022-02-17,280.1100158691406,32461600
2022-02-18,277.4122619628906,34264000
2022-02-22,277.20989990234375,41736100
2022-02-23,270.0320129394531,37811200
2022-02-24,283.82904052734375,56989700
2022-02-25,286.4495544433594,32546700
2022-02-28,287.87554931640625,34627500
2022-03-01,284.1758728027344,31217800
2022-03-02,289.224365234375,31873000
2022-03-03,285.1104431152344,27314500
2022-03-04,279.2716979980469,32356500
2022-03-07,268.72174072265625,43157200
2022-03-08,265.7735595703125,48159500
2022-03-09,277.96142578125,35204500
2022-03-10,275.15771484375,30628000
2022-03-11,269.8393249511719,27209300
2022-03-14,266.34197998046875,30660700
2022-03-15,276.6607360839844,34245100
2022-03-16,283.6363525390625,37826300
2022-03-17,284.4359436035156,30816600
2022-03-18,289.45556640625,43390600
2022-03-21,288.2320556640625,28351200
2022-03-22,292.9529724121094,27599700
2022-03-23,288.5499572753906,25715400
2022-03-24,292.9915771484375,24484500
2022-03-25,292.58697509765625,22566500
2022-03-28,299.35052490234375,29578200
2022-03-29,303.8884582519531,30393400
2022-03-30,302.39501953125,28163600
2022-03-31,297.04779052734375,33422100
2022-04-01,298.1172180175781,27110500
2022-04-04,303.4645690917969,24289600
2022-04-05,299.5238952636719,23156700
2022-04-06,288.5596923828125,40110400
2022-04-07,290.3612976074219,31411200
2022-04-08,286.12200927734375,24361900
2022-04-11,274.8397521972656,34569300
2022-04-12,271.7567138671875,30966700
2022-04-13,277.1135559082031,21907200
2022-04-14,269.608154296875,28221600
2022-04-18,270.27294921875,20778000
2022-04-19,274.8783264160156,22297700
2022-04-20,275.8995666503906,22906700
2022-04-21,270.5523681640625,29454600
2022-04-22,264.01995849609375,29405800
2022-04-25,270.4656066894531,35678900
2022-04-26,260.3491516113281,46518400
2022-04-27,272.87432861328125,63477700
2022-04-28,279.0501708984375,33646600
2022-04-29,267.3824768066406,37073900
2022-05-02,274.0786437988281,35151100
2022-05-03,271.4869689941406,25978600
2022-05-04,279.38739013671875,33599300
2022-05-05,267.2187805175781,43260400
2022-05-06,264.6943664550781,37780300
2022-05-09,254.91517639160156,47726000
2022-05-10,259.6554870605469,39336400
2022-05-11,251.0324249267578,48975900
2022-05-12,246.0223693847656,51033800
2022-05-13,251.58160400390625,34925100
2022-05-16,251.94773864746097,32550900
2022-05-17,257.0733642578125,28828800
2022-05-18,245.3689422607422,31356000
2022-05-19,244.46112060546875,32692300
2022-05-20,243.90101623535156,39199300
2022-05-23,251.7136688232422,33175400
2022-05-24,250.7189483642578,29043900
2022-05-25,253.51956176757812,28547900
2022-05-26,256.78369140625,25002100
2022-05-27,263.87200927734375,26910800
2022-05-31,262.5490417480469,37827700
2022-06-01,263.08013916015625,25292200
2022-06-02,265.1661071777344,44008200
2022-06-03,260.762451171875,28059000
2022-06-06,259.5359802246094,22400300
2022-06-07,263.1573486328125,22860700
2022-06-08,261.1390380859375,17372300
2022-06-09,255.7117462158203,26439700
2022-06-10,244.3163146972656,31422800
2022-06-13,233.95416259765625,46135800
2022-06-14,236.10769653320312,28651500
2022-06-15,243.12843322753903,33111700
2022-06-16,236.5712432861328,33169200
2022-06-17,239.15936279296875,43084800
2022-06-21,245.04055786132812,29928300
2022-06-22,244.4514923095703,25939900
2022-06-23,249.9849853515625,25861400
2022-06-24,258.52203369140625,33923200
2022-06-27,255.8083648681641,24615100
2022-06-28,247.68666076660156,27295500
2022-06-29,251.33705139160156,20069800
2022-06-30,248.0246124267578,31730900
2022-07-01,250.68035888671875,22837700
2022-07-05,253.8382568359375,22941000
2022-07-06,257.08306884765625,23824400
2022-07-07,259.1979675292969,20859900
2022-07-08,258.48333740234375,19658800
2022-07-11,255.44139099121097,19455200
2022-07-12,244.9730224609375,35868500
2022-07-13,244.05555725097656,29497400
2022-07-14,245.3689422607422,25102800
2022-07-15,247.9184112548828,29774100
2022-07-18,245.53309631347656,20975000
2022-07-19,250.6320648193359,25012600
2022-07-20,253.27810668945312,22788300
2022-07-21,255.760009765625,22404700
2022-07-22,251.43359375,21881300
2022-07-25,249.95606994628903,21056000
2022-07-26,243.263671875,39348000
2022-07-27,259.52630615234375,45994000
2022-07-28,266.9333801269531,33459300
2022-07-29,271.11492919921875,32152800
2022-08-01,268.478515625,21539600
2022-08-02,265.39788818359375,22754200
2022-08-03,272.78558349609375,23518900
2022-08-04,273.9251403808594,18098700
2022-08-05,273.2105407714844,16774600
2022-08-08,270.70928955078125,18739200
2022-08-09,272.6214294433594,23405200
2022-08-10,279.2462158203125,24687800
2022-08-11,277.1795654296875,20065900
2022-08-12,281.9019470214844,22619700
2022-08-15,283.4084167480469,18085700
2022-08-16,282.6745300292969,18102900
2022-08-17,281.9293212890625,18253400
2022-08-18,280.81640625,17186200
2022-08-19,276.92596435546875,20570000
2022-08-22,268.7967529296875,25061100
2022-08-23,267.5289611816406,17527400
2022-08-24,266.89990234375,18137000
2022-08-25,269.86126708984375,16583400
2022-08-26,259.4481201171875,27549300
2022-08-29,256.6802978515625,20338500
2022-08-30,254.49317932128903,22767100
2022-08-31,253.04150390625,24791800
2022-09-01,252.0060272216797,23263400
2022-09-02,247.805908203125,22855400
2022-09-06,245.08648681640625,21328200
2022-09-07,249.77047729492188,24126700
2022-09-08,250.1866149902344,20319900
2022-09-09,255.93519592285156,22084700
2022-09-12,258.0545654296875,18747700
2022-09-13,243.8671112060547,33353300
2022-09-14,244.08966064453125,23913000
2022-09-15,237.4701690673828,31530900
2022-09-16,236.8508148193359,39791800
2022-09-19,236.63790893554688,26826900
2022-09-20,234.63462829589844,26660300
2022-09-21,231.2474365234375,28625600
2022-09-22,233.21202087402344,31061200
2022-09-23,230.25064086914065,34176000
2022-09-26,229.79579162597656,27694200
2022-09-27,228.7893218994141,27018700
2022-09-28,233.2990875244141,29029700
2022-09-29,229.84422302246097,27484200
2022-09-30,225.3925018310547,35694800
2022-10-03,232.97976684570312,28880400
2022-10-04,240.8573760986328,34888400
2022-10-05,241.16700744628903,20347100
2022-10-06,238.8347320556641,20239900
2022-10-07,226.68927001953125,37769600
2022-10-10,221.86016845703125,29743600
2022-10-11,218.1439514160156,30474000
2022-10-12,218.4729766845703,21903900
2022-10-13,226.68927001953125,42551800
2022-10-14,221.19236755371097,30198600
2022-10-17,229.87319946289065,28142300
2022-10-18,230.8119354248047,26329600
2022-10-19,228.85711669921875,19985700
2022-10-20,228.5376892089844,21811000
2022-10-21,234.3152618408203,26299700
2022-10-24,239.2799072265625,24911200
2022-10-25,242.5799865722656,34775500
2022-10-26,223.8634033203125,82543200
2022-10-27,219.4407196044922,40424600
2022-10-28,228.26673889160156,40647700
2022-10-31,224.64730834960935,28357300
2022-11-01,220.81497192382812,30592300
2022-11-02,213.0051116943359,38407000
2022-11-03,207.3436737060547,36633900
2022-11-04,214.2534942626953,36789100
2022-11-07,220.5246124267578,33498000
2022-11-08,221.49237060546875,28192500
2022-11-09,217.27294921875,27852900
2022-11-10,235.1475372314453,46268000
2022-11-11,239.14442443847656,34620200
2022-11-14,233.7636260986328,31123300
2022-11-15,234.1700897216797,31390100
2022-11-16,234.5970916748047,24093300
2022-11-17,234.548583984375,23123500
2022-11-18,234.10215759277344,27613500
2022-11-21,234.90769958496097,26394700
2022-11-22,237.79974365234375,19665700
2022-11-23,240.27452087402344,19508500
2022-11-25,240.1871337890625,9200800
2022-11-28,234.626220703125,24778200
2022-11-29,233.23841857910156,17956300
2022-11-30,247.6114196777344,47594200
2022-12-01,247.17469787597656,26041500
2022-12-02,247.49496459960935,21528500
2022-12-05,242.8171844482422,23435300
2022-12-06,237.8870849609375,22463700
2022-12-07,237.15921020507812,20481500
2022-12-08,240.0998077392578,22611800
2022-12-09,238.17822265625,20609700
2022-12-12,245.0590362548828,30665100
2022-12-13,249.33888244628903,42196900
2022-12-14,249.63002014160156,35410900
2022-12-15,241.6623077392578,35560400
2022-12-16,237.46975708007812,86102000
2022-12-19,233.35487365722656,29696400
2022-12-20,234.66502380371097,25150800
2022-12-21,237.2174530029297,23690600
2022-12-22,231.1615753173828,28651700
2022-12-23,231.68560791015625,21207000
2022-12-27,229.96791076660156,16688600
2022-12-28,227.60958862304688,17457100
2022-12-29,233.8983612060547,19770700
2022-12-30,232.7434844970703,21938500
2023-01-03,232.5105743408203,25740000
2023-01-04,222.3397979736328,50623400
2023-01-05,215.75013732910156,39585600
2023-01-06,218.2928466796875,43613600
2023-01-09,220.418212890625,27369800
2023-01-10,222.09716796875,27033900
2023-01-11,228.81300354003903,28669300
2023-01-12,231.47213745117188,27269500
2023-01-13,232.17088317871097,21333300
2023-01-17,233.2578125,29831300
2023-01-18,228.8517608642578,30028700
2023-01-19,225.08628845214844,28623000
2023-01-20,233.13165283203125,35389800
2023-01-23,235.4220733642578,31934000
2023-01-24,234.89794921875,40234400
2023-01-25,233.5101623535156,66526600
2023-01-26,240.68209838867188,33454500
2023-01-27,240.83737182617188,26498900
2023-01-30,235.54818725585935,25867400
2023-01-31,240.4977264404297,26541100
2023-02-01,245.29193115234375,31259900
2023-02-02,256.7922668457031,39940400
2023-02-03,250.7267303466797,29077300
2023-02-06,249.19332885742188,22518000
2023-02-07,259.6649169921875,50841400
2023-02-08,258.8594665527344,54686000
2023-02-09,255.84115600585935,42375100
2023-02-10,255.33657836914065,25818500
2023-02-13,263.31396484375,44630900
2023-02-14,264.1388854980469,37047900
2023-02-15,262.0277099609375,28922400
2023-02-16,255.0517578125,29603600
2023-02-17,251.072509765625,30000100
2023-02-21,245.82847595214844,28397400
2023-02-22,244.69989013671875,22491100
2023-02-23,247.87164306640625,29219100
2023-02-24,242.4719085693359,24990900
2023-02-27,243.38644409179688,21190000
2023-02-28,242.66650390625,22491000
2023-03-01,239.60177612304688,27565300
2023-03-02,244.31069946289065,24808200
2023-03-03,248.3775329589844,30760100
2023-03-06,249.9147491455078,24109800
2023-03-07,247.26840209960935,21473200
2023-03-08,246.83059692382812,17340200
2023-03-09,245.48794555664065,26653400
2023-03-10,241.8589782714844,28333900
2023-03-13,247.04461669921875,33339700
2023-03-14,253.7286071777344,33620300
2023-03-15,258.25274658203125,46028000
2023-03-16,268.7213439941406,54768800
2023-03-17,271.8638610839844,69527400
2023-03-20,264.8589782714844,43466600
2023-03-21,266.36688232421875,34558700
2023-03-22,264.917236328125,34873300
2023-03-23,270.1418151855469,36610900
2023-03-24,272.97308349609375,28172000
2023-03-27,268.8964538574219,26840200
2023-03-28,267.7776794433594,21878600
2023-03-29,272.91461181640625,25087000
2023-03-30,276.3588562011719,25053400
2023-03-31,280.4936828613281,32766000
2023-04-03,279.4527282714844,24883300
2023-04-04,279.404052734375,25824300
2023-04-05,276.6409912109375,22064800
2023-04-06,283.7044372558594,29770300
2023-04-10,281.55426025390625,23103000
2023-04-11,275.1718444824219,27276600
2023-04-12,275.8138732910156,27403400
2023-04-13,281.9920349121094,24222700
2023-04-14,278.3922424316406,20987900
2023-04-17,280.98016357421875,23836200
2023-04-18,280.5618896484375,20161800
2023-04-19,280.6396789550781,17150300
2023-04-20,278.3630065917969,23244400
2023-04-21,278.02252197265625,21676400
2023-04-24,274.14056396484375,26611000
2023-04-25,267.9624328613281,45772200
2023-04-26,287.3722839355469,64599200
2023-04-27,296.5761413574219,46462600
2023-04-28,298.94036865234375,36469600
2023-05-01,297.286376953125,21294100
2023-05-02,297.1404724121094,26404400
2023-05-03,296.1578063964844,22360800
2023-05-04,297.1404724121094,22519900
2023-05-05,302.238525390625,28197100
2023-05-08,300.2926330566406,21318600
2023-05-09,298.6874084472656,21340800
2023-05-10,303.8536682128906,30078000
2023-05-11,301.71319580078125,31680200
2023-05-12,300.6041259765625,19774700
2023-05-15,301.08074951171875,16336500
2023-05-16,303.2989807128906,26730300
2023-05-17,306.1657409667969,24315000
2023-05-18,310.57293701171875,27276000
2023-05-19,310.3974609375,27546700
2023-05-22,313.1665344238281,24115700
2023-05-23,307.3942565917969,30797200
2023-05-24,306.0194396972656,23384900
2023-05-25,317.78826904296875,43301700
2023-05-26,324.58441162109375,36630600
2023-05-30,322.9462890625,29503100
2023-05-31,320.1966247558594,45950600
2023-06-01,324.2821044921875,26773900
2023-06-02,327.0317687988281,25873800
2023-06-05,327.5582580566406,21307100
2023-06-06,325.3546142578125,20396200
2023-06-07,315.3116149902344,40717100
2023-06-08,317.1447448730469,23277700
2023-06-09,318.6365966796875,22529000
2023-06-12,323.5704040527344,24260300
2023-06-13,325.949462890625,22951300
2023-06-14,328.9233703613281,26003800
2023-06-15,339.4149475097656,38899100
2023-06-16,333.78887939453125,46552000
2023-06-20,329.6156921386719,26375400
2023-06-21,325.2376708984375,25117800
2023-06-22,331.2341613769531,23556800
2023-06-23,326.6612854003906,23146900
2023-06-26,320.40142822265625,21520600
2023-06-27,326.2224426269531,24354100
2023-06-28,327.47064208984375,20259500
2023-06-29,326.6905212402344,16997000
2023-06-30,332.0435485839844,26832800
2023-07-03,329.55712890625,12508700
2023-07-05,329.7132263183594,18172400
2023-07-06,332.7552490234375,28161200
2023-07-07,328.8063659667969,21214800
2023-07-10,323.55084228515625,32791400
2023-07-11,324.17486572265625,26698200
2023-07-12,328.7868957519531,29995300
2023-07-13,334.1106262207031,20567200
2023-07-14,336.626220703125,28352700
2023-07-17,337.10400390625,20363900
2023-07-18,350.520751953125,64738600
2023-07-19,346.22076416015625,39732900
2023-07-20,338.215576171875,33778400
2023-07-21,335.1929626464844,69405400
2023-07-24,336.49951171875,26678100
2023-07-25,342.22308349609375,41637700
2023-07-26,329.3426818847656,58383700
2023-07-27,322.4684753417969,39635300
2023-07-28,329.9276428222656,28484900
2023-07-31,327.5387878417969,25446000
2023-08-01,327.9483642578125,18311900
2023-08-02,319.3288879394531,27761300
2023-08-03,318.5098571777344,18253700
2023-08-04,319.6018981933594,23741500
2023-08-07,321.8738098144531,17741500
2023-08-08,317.91510009765625,22327600
2023-08-09,314.1903991699219,22373300
2023-08-10,314.8728942871094,20113700
2023-08-11,313.00079345703125,24355500
2023-08-14,315.9552001953125,18836100
2023-08-15,313.8295593261719,16966300
2023-08-16,313.0674743652344,20698900
2023-08-17,309.6280212402344,21257200
2023-08-18,309.2371520996094,24755000
2023-08-21,314.5136413574219,24040000
2023-08-22,315.080322265625,16084600
2023-08-23,319.5164794921875,21166400
2023-08-24,312.64727783203125,23281400
2023-08-25,315.5884094238281,21684100
2023-08-28,316.2919616699219,14808500
2023-08-29,320.8941345214844,19284600
2023-08-30,321.2654724121094,15222100
2023-08-31,320.2590637207031,26411000
2023-09-01,321.1383972167969,14942000
2023-09-05,325.9165344238281,18553900
2023-09-06,325.26177978515625,17535800
2023-09-07,322.35980224609375,18381000
2023-09-08,326.6200256347656,19530100
2023-09-11,330.2060546875,16583300
2023-09-12,324.1772155761719,17565500
2023-09-13,328.3690490722656,16544400
2023-09-14,330.9486389160156,20267000
2023-09-15,322.6627197265625,37679800
2023-09-18,321.5292663574219,16834200
2023-09-19,321.128662109375,16505900
2023-09-20,313.4289855957031,21436500
2023-09-21,312.2173767089844,35560400
2023-09-22,309.7550354003906,21447900
2023-09-25,310.2729187011719,17836000
2023-09-26,304.99652099609375,26297600
2023-09-27,305.6316223144531,19410100
2023-09-28,306.46221923828125,19683600
2023-09-29,308.5238952636719,24147300
2023-10-02,314.4353942871094,20570000
2023-10-03,306.21783447265625,21033500
2023-10-04,311.6604309082031,20720100
2023-10-05,312.05126953125,16965600
2023-10-06,319.7704162597656,25673600
2023-10-09,322.27191162109375,19891200
2023-10-10,320.87457275390625,20557100
2023-10-11,324.8124084472656,20063200
2023-10-12,323.5811462402344,19313100
2023-10-13,320.2297058105469,21072400
2023-10-16,325.0273742675781,22158000
2023-10-17,324.4606018066406,18338500
2023-10-18,322.55523681640625,23153600
2023-10-19,323.7375793457031,25052100
2023-10-20,319.1939392089844,25027700
2023-10-23,321.7833251953125,24374700
2023-10-24,322.9656677246094,31153600
2023-10-25,332.87359619140625,55053800
2023-10-26,320.38604736328125,37828500
2023-10-27,322.2620544433594,29856500
2023-10-30,329.5904541015625,22828100
2023-10-31,330.37213134765625,20265300
2023-11-01,338.14996337890625,28158800
2023-11-02,340.34844970703125,24348100
2023-11-03,344.7259521484375,23637700
2023-11-06,348.3705749511719,23828300
2023-11-07,352.279052734375,25833900
2023-11-08,354.8879699707031,26767800
2023-11-09,352.43536376953125,24847300
2023-11-10,361.2098693847656,28042100
2023-11-13,358.2882995605469,19986500
2023-11-14,361.796142578125,27683900
2023-11-15,361.9430541992187,26860100
2023-11-16,368.3072204589844,27182300
2023-11-17,362.1192321777344,40157000
2023-11-20,369.5505676269531,52465100
2023-11-21,365.2719421386719,28423100
2023-11-22,369.9520263671875,23345300
2023-11-24,369.5408630371094,10176600
2023-11-27,370.6961059570313,22179200
2023-11-28,374.7006530761719,20453100
2023-11-29,370.93115234375,28963400
2023-11-30,370.9898376464844,30554400
2023-12-01,366.6817626953125,33040500
2023-12-04,361.4241027832031,32063300
2023-12-05,364.73345947265625,23065000
2023-12-06,361.0911560058594,21182100
2023-12-07,363.1963195800781,23118900
2023-12-08,366.40771484375,20154400
2023-12-11,363.5388793945313,27708800
2023-12-12,366.5545654296875,24838300
2023-12-13,366.5447998046875,30955500
2023-12-14,358.2811584472656,43277500
2023-12-15,362.98089599609375,78502300
2023-12-18,364.8607482910156,21802900
2023-12-19,365.4580078125,20603700
2023-12-20,362.8731384277344,26316700
2023-12-21,365.7321166992187,17708000
2023-12-22,366.7503967285156,17107500
2023-12-26,366.8287353515625,12673100
2023-12-27,366.25103759765625,14905400
2023-12-28,367.4357299804687,14327000
2023-12-29,368.1798400878906,18730800
2024-01-02,363.1178894042969,25258600
2024-01-03,362.85357666015625,23083500
2024-01-04,360.24920654296875,20901500
2024-01-05,360.06317138671875,21004600
2024-01-08,366.8580627441406,23134000
2024-01-09,367.93511962890625,20830000
2024-01-10,374.7691955566406,25514200
2024-01-11,376.59033203125,27850800
2024-01-12,380.3500061035156,21661200
2024-01-16,382.1123962402344,27202300
2024-01-17,381.3291320800781,22234100
2024-01-18,385.6371154785156,23392100
2024-01-19,390.3368835449219,29331100
2024-01-22,388.2220153808594,27016900
2024-01-23,390.5619812011719,20525900
2024-01-24,394.1455078125,24867000
2024-01-25,396.4072265625,21021200
2024-01-26,395.4869079589844,17803300
2024-01-29,401.1558532714844,24510200
2024-01-30,400.0495300292969,33477600
2024-01-31,389.2696228027344,47871100
2024-02-01,395.3400573730469,30657700
2024-02-02,402.6245422363281,28256700
2024-02-05,397.17095947265625,25352300
2024-02-06,397.0142517089844,18382600
2024-02-07,405.3953247070313,22340500
2024-02-08,405.45416259765625,21225300
2024-02-09,411.7594604492187,22032800
2024-02-12,406.580078125,21202900
2024-02-13,397.826904296875,27824900
2024-02-14,401.6720886230469,20401200
2024-02-15,398.7980346679687,21825500
2024-02-16,396.34576416015625,22296500
2024-02-20,395.10003662109375,24307900
2024-02-21,394.5016479492187,18518900
2024-02-22,403.7908630371094,27009900
2024-02-23,402.505859375,16295900
2024-02-26,399.75933837890625,16193500
2024-02-27,399.700439453125,14835800
2024-02-28,399.9359130859375,13183100
2024-02-29,405.7428894042969,31947300
2024-03-01,407.56732177734375,17823400
2024-03-04,406.9984436035156,17596000
2024-03-05,394.9626770019531,26919200
2024-03-06,394.4134216308594,22344100
2024-03-07,401.3287963867187,18718500
2024-03-08,398.4645080566406,18002200
2024-03-11,396.7970275878906,16120800
2024-03-12,407.3515319824219,22457000
2024-03-13,407.1749877929687,17115900
2024-03-14,417.101806640625,34157300
2024-03-15,408.4698486328125,45079900
2024-03-18,409.3526306152344,20106000
2024-03-19,413.364501953125,19837900
2024-03-20,417.1115417480469,17860100
2024-03-21,421.1725463867187,21296200
2024-03-22,420.5545349121094,17648500
2024-03-25,414.7868347167969,18060500
2024-03-26,413.5999755859375,16725600
2024-03-27,413.3841247558594,16705000
2024-03-28,412.6876525878906,21871200
2024-04-01,416.4642028808594,16316000
2024-04-02,413.3939514160156,17912000
2024-04-03,412.4228515625,16502300
2024-04-04,409.9018859863281,19370900
2024-04-05,417.3960876464844,16554800
2024-04-08,416.4837951660156,14272400
2024-04-09,418.1416015625,12496900
2024-04-10,415.1792297363281,16216600
2024-04-11,419.7600402832031,17966400
2024-04-12,413.84515380859375,19253800
2024-04-15,405.7428894042969,20273500
2024-04-16,406.6649169921875,16765600
2024-04-17,403.9772338867187,15855500
2024-04-18,396.5517272949219,21029900
2024-04-19,391.50006103515625,30565800
2024-04-22,393.3049011230469,20286900
2024-04-23,399.7887268066406,15734500
2024-04-24,401.2502746582031,15065300
2024-04-25,391.4216003417969,40586500
2024-04-26,398.5625915527344,29694700
2024-04-29,394.5703125,19582100
2024-04-30,381.8970031738281,28781400
2024-05-01,387.3998718261719,23562500
2024-05-02,390.2445068359375,17709400
2024-05-03,398.8961181640625,17446700
2024-05-06,405.6447448730469,16996600
2024-05-07,401.52496337890625,20018200
2024-05-08,402.70208740234375,11792300
2024-05-09,404.4480895996094,14689700
2024-05-10,406.82183837890625,13402300
2024-05-13,405.8213806152344,15440200
2024-05-14,408.6071166992187,15109300
2024-05-15,415.7512512207031,22239500
2024-05-16,413.6973876953125,17530100
2024-05-17,412.9309387207031,15352200
2024-05-20,417.9720458984375,16272100
2024-05-21,421.60797119140625,21453300
2024-05-22,423.0623168945313,18073700
2024-05-23,419.6033020019531,17211700
2024-05-24,422.7085266113281,11855300
2024-05-28,422.86578369140625,15718000
2024-05-29,421.7357177734375,15517100
2024-05-30,407.4869384765625,28394500
2024-05-31,407.93890380859375,47995300
2024-06-03,406.3567810058594,17484700
2024-06-04,408.8626098632813,14348900
2024-06-05,416.66510009765625,16988000
2024-06-06,417.1662292480469,14861300
2024-06-07,416.5078430175781,13621700
2024-06-10,420.4582214355469,13982900
2024-06-11,425.1849060058594,14551100
2024-06-12,433.4197387695313,22366200
2024-06-13,433.9307556152344,15960600
2024-06-14,434.9035949707031,13582000
2024-06-17,440.6031494140625,20790000
2024-06-18,438.6082763671875,17112500
2024-06-20,437.9793395996094,19877400
2024-06-21,441.9886779785156,34187100
2024-06-24,439.9152221679687,15913700
2024-06-25,443.138427734375,16413400
2024-06-26,444.3274841308594,16507000
2024-06-27,445.0055236816406,14806300
2024-06-28,439.2077026367187,28362300
2024-07-01,448.81829833984375,17662800
2024-07-02,451.3240661621094,13979800
2024-07-03,452.7882995605469,9932800
2024-07-05,459.4607238769531,16000300
2024-07-08,458.1635437011719,12962300
2024-07-09,451.57965087890625,17207200
2024-07-10,458.1733703613281,18196100
2024-07-11,446.823486328125,23111200
2024-07-12,445.6933288574219,16324300
2024-07-15,446.0963134765625,14429400
2024-07-16,441.7331848144531,17175700
2024-07-17,435.8370971679687,21778000
2024-07-18,432.74163818359375,20794800
2024-07-19,429.5381774902344,20940400
2024-07-22,435.26715087890625,15808800
2024-07-23,437.1440734863281,13107100
2024-07-24,421.4703674316406,26805800
2024-07-25,411.1523132324219,29943800
2024-07-26,417.9032287597656,23583800
2024-07-29,419.3380126953125,15125800
2024-07-30,415.5940246582031,32687600
2024-07-31,411.1031494140625,42891400
2024-08-01,409.8845520019531,30296400
2024-08-02,401.4139099121094,29437900
2024-08-05,388.3049926757813,40709200
2024-08-06,392.687744140625,24946500
2024-08-07,391.5282287597656,20650900
2024-08-08,395.71441650390625,20203000
2024-08-09,398.9866638183594,19276700
2024-08-12,399.7630615234375,16762900
2024-08-13,406.83831787109375,19414300
2024-08-14,409.638916015625,18267000
2024-08-15,414.482421875,20752100
2024-08-16,411.9622802734375,22775600
2024-08-19,414.9746398925781,15234000
2024-08-20,418.19378662109375,16387600
2024-08-21,417.5441284179687,16067300
2024-08-22,409.0876159667969,19361900
2024-08-23,410.308349609375,18493800
2024-08-26,407.0596923828125,13152800
2024-08-27,407.40423583984375,13492900
2024-08-28,404.2146606445313,14882700
2024-08-29,406.6954345703125,17045200
2024-08-30,410.6529846191406,24308300
2024-09-03,403.0727233886719,20313600
2024-09-04,402.5411376953125,15135800
2024-09-05,402.0390625,14195500
2024-09-06,395.4530334472656,19609500
2024-09-09,399.4105529785156,15295100
2024-09-10,407.7586975097656,19594300
2024-09-11,416.4611511230469,19266900
2024-09-12,420.3595886230469,17395700
2024-09-13,423.8937683105469,15874600
2024-09-16,424.6320495605469,13834700
2024-09-17,428.38287353515625,18874200
2024-09-18,424.1103210449219,18898000
2024-09-19,431.8678283691406,21706600
2024-09-20,428.5009460449219,55167100
2024-09-23,426.7684020996094,15128900
2024-09-24,422.4958190917969,17015800
2024-09-25,425.3901062011719,13396400
2024-09-26,424.6025695800781,14492000
2024-09-27,421.3637390136719,14896100
2024-09-30,423.6082458496094,16807300
2024-10-01,414.1477355957031,19092900
2024-10-02,410.64306640625,16582300
2024-10-03,410.0623168945313,13686400
2024-10-04,409.5896911621094,19169700
2024-10-07,403.1711120605469,20919800
2024-10-08,408.2607421875,19229300
2024-10-09,410.9679565429687,14974300
2024-10-10,409.3731384277344,13848400
2024-10-11,409.8456726074219,14144900
2024-10-14,412.6217651367187,16653100
2024-10-15,412.2280578613281,18900200
2024-10-16,409.6487731933594,15508900
2024-10-17,410.2394409179687,14820000
2024-10-18,411.6571044921875,17145300
2024-10-21,412.2674560546875,14206100
2024-10-22,420.8616943359375,25482200
2024-10-23,417.9968872070313,19654400
2024-10-24,418.1249084472656,13581600
2024-10-25,421.49169921875,16899100
2024-10-28,419.9559631347656,14882400
2024-10-29,425.2326354980469,17644100
2024-10-30,425.8035888671875,29749100
2024-10-31,400.03070068359375,53971000
2024-11-01,403.9881286621094,24230400
2024-11-04,402.10791015625,19672300
2024-11-05,405.0612487792969,17626000
2024-11-06,413.6456298828125,26681800
2024-11-07,418.81396484375,19901800
2024-11-08,415.9689636230469,16891400
2024-11-11,411.5093688964844,24503300
2024-11-12,416.4513244628906,19401200
2024-11-13,418.5875549316406,21502200
2024-11-14,420.2513427734375,30246900
2024-11-15,408.546142578125,28247600
2024-11-18,409.2944030761719,24727000
2024-11-19,411.2928466796875,18133500
2024-11-20,409.028564453125,19191700
2024-11-21,407.2629089355469,20780200
2024-11-22,411.3367919921875,24814600
2024-11-25,413.10247802734375,27691100
2024-11-26,422.1775512695313,23458900
2024-11-27,417.2454223632813,18332400
2024-11-29,417.70904541015625,16271900
2024-12-02,425.1269226074219,20207200
2024-12-03,425.343994140625,18302000
2024-12-04,431.4795227050781,26009400
2024-12-05,436.60888671875,21697800
2024-12-06,437.5459899902344,18821000
2024-12-09,439.9626770019531,19144400
2024-12-10,437.3092041015625,18469500
2024-12-11,442.8923645019531,19200200
2024-12-12,443.45458984375,20834800
2024-12-13,441.1957092285156,20177800
2024-12-16,445.45703125,23598800
2024-12-17,448.2880859375,22733500
2024-12-18,431.4498901367187,24444500
2024-12-19,431.09478759765625,22963700
2024-12-20,430.6705932617187,64263700
2024-12-23,429.3389587402344,19152500
2024-12-24,433.363525390625,7164500
2024-12-26,432.16009521484375,8194200
2024-12-27,424.68304443359375,18117700
2024-12-30,419.0604248046875,13158700
2024-12-31,415.7756958007813,13246500
2025-01-02,412.8953552246094,16896500
2025-01-03,417.6006164550781,16662900
2025-01-06,422.0394287109375,20573600
2025-01-07,416.6339416503906,18139100
2025-01-08,418.7941284179687,15054600
2025-01-10,413.2603454589844,20201100
2025-01-13,411.5242004394531,17604800
2025-01-14,410.02490234375,16935900
2025-01-15,420.5203552246094,19637800
2025-01-16,418.8138122558594,15300000
2025-01-17,423.2033996582031,26197500
2025-01-21,422.6806335449219,26085700
2025-01-22,440.1402587890625,27803800
2025-01-23,440.643310546875,18389300
2025-01-24,438.029296875,15549500
2025-01-27,428.6583557128906,35647800
2025-01-28,441.1266784667969,23491700
2025-01-29,436.32281494140625,23581400
2025-01-30,409.3540954589844,54586300
2025-01-31,409.4231262207031,34161900
2025-02-03,405.33941650390625,25679100
2025-02-04,406.7696838378906,20532100
2025-02-05,407.6772155761719,16316700
2025-02-06,410.1728515625,16309800
2025-02-07,404.185302734375,22886800
2025-02-10,406.62164306640625,20817900
2025-02-11,405.8523559570313,18140600
2025-02-12,403.4849548339844,19121700
2025-02-13,404.9645690917969,23891700
2025-02-14,402.8832092285156,22758500
2025-02-18,404.0767822265625,21423100
2025-02-19,409.1371154785156,24114200
2025-02-20,411.30169677734375,23508700
2025-02-21,403.4735412597656,27524800
2025-02-24,399.31243896484375,26443700
2025-02-25,393.2831726074219,29387400
2025-02-26,395.0919494628906,19619000
2025-02-27,387.97552490234375,21127400
2025-02-28,392.3837890625,32845700
2025-03-03,383.982421875,23007700
2025-03-04,384.1009826660156,29342900
2025-03-05,396.3670043945313,23433100
2025-03-06,392.2849426269531,23304600
2025-03-07,388.7464599609375,22034100
2025-03-10,375.7489929199219,32840100
2025-03-11,376.0357360839844,30380200
2025-03-12,378.8229675292969,24253600
2025-03-13,374.3751831054687,20473000
2025-03-14,384.0515747070313,19952800
2025-03-17,384.1899719238281,22474300
2025-03-18,379.070068359375,19486900
2025-03-19,383.3201599121094,19185500
2025-03-20,382.3515319824219,18470500
2025-03-21,386.72027587890625,39675900
2025-03-24,388.5190734863281,21004500
2025-03-25,390.5750427246094,15775000
2025-03-26,385.44525146484375,16108400
2025-03-27,386.048095703125,13766800
2025-03-28,374.4048156738281,21632000
2025-03-31,371.0343933105469,35184700
2025-04-01,377.7554626464844,19689500
2025-04-02,377.70611572265625,16092600
2025-04-03,368.7808532714844,30198000
2025-04-04,355.6648254394531,49209900
2025-04-07,353.707763671875,50425000
2025-04-08,350.4460754394531,35868900
2025-04-09,385.9591674804687,50199700
2025-04-10,376.9252624511719,38024400
2025-04-11,383.94287109375,23839200
2025-04-14,383.3102722167969,19251200
2025-04-15,381.25439453125,17199900
2025-04-16,367.2981872558594,21967800
2025-04-17,363.5126647949219,21120200
2025-04-21,354.953125,20807300
2025-04-22,362.5638427734375,19485000
2025-04-23,370.0459899902344,20545500
2025-04-24,382.80621337890625,22232300
2025-04-25,387.3034362792969,18973200
2025-04-28,386.6214294433594,16579400
2025-04-29,389.468017578125,14974000
2025-04-30,390.67388916015625,36461100
2025-05-01,420.4641418457031,58938100
2025-05-02,430.2294921875,30757400
2025-05-05,431.1091613769531,20136100
2025-05-06,428.2823181152344,15104200
2025-05-07,428.3218994140625,23295300
2025-05-08,433.08599853515625,23491300
2025-05-09,433.6394958496094,15324200
2025-05-12,444.0472717285156,22821900
2025-05-13,443.9287109375,23618800
2025-05-14,447.6845703125,19902800
2025-05-15,448.6946105957031,21992300
2025-05-16,449.8234252929687,23849800
2025-05-19,454.37841796875,21336500
2025-05-20,453.6852722167969,15441800
2025-05-21,448.1401062011719,19216900
2025-05-22,450.40765380859375,18025600
2025-05-23,445.7734375,16883500
2025-05-27,456.18060302734375,20974300
2025-05-28,452.8831481933594,17086300
2025-05-29,454.1902770996094,13974800
2025-05-30,455.8537902832031,34770500
2025-06-02,457.4480590820313,16626500
2025-06-03,458.4382934570313,15743800
2025-06-04,459.3294677734375,14162700
2025-06-05,463.1022033691406,20131700
2025-06-06,465.7757873535156,15285600
2025-06-09,468.12255859375,16469900
2025-06-10,466.3104553222656,15375900
2025-06-11,467.9938354492187,16399200
2025-06-12,474.1826477050781,18950600
2025-06-13,470.3109436035156,16814500
2025-06-16,474.4499816894531,15626100
2025-06-17,473.36077880859375,15414100
2025-06-18,475.5392150878906,17526500
2025-06-20,472.7270202636719,37576200
2025-06-23,481.2428588867187,24864000
2025-06-24,485.3125915527344,22305600
2025-06-25,487.4514770507813,17495100
2025-06-26,492.580810546875,21578900
2025-06-27,491.0855407714844,34539200
2025-06-30,492.5411376953125,28369000
2025-07-01,487.233642578125,19945400
2025-07-02,486.2830200195313,16319600
2025-07-03,493.9571838378906,13984800
2025-07-07,492.8481140136719,13981600
2025-07-08,491.7588806152344,11846600
2025-07-09,498.58148193359375,18659500
2025-07-10,496.57135009765625,16492100
2025-07-11,498.3933410644531,16459500
2025-07-14,498.0962829589844,12058800
2025-07-15,500.8688659667969,14927200
2025-07-16,500.6708068847656,15154400
2025-07-17,506.6913146972656,17503100
2025-07-18,505.0574340820313,21209700
2025-07-21,505.06732177734375,14066800
2025-07-22,500.32421875,13868600
2025-07-23,500.9183349609375,16396600
2025-07-24,505.87933349609375,16107000
2025-07-25,508.6816101074219,19125700
2025-07-28,507.48345947265625,14308000
2025-07-29,507.5527648925781,16469200
2025-07-30,508.2162170410156,26380400
2025-07-31,528.2778930664062,51617300
2025-08-01,518.9797973632812,28977600
2025-08-04,530.39697265625,25349000
2025-08-05,522.5841674804688,19171600
2025-08-06,519.8016967773438,21355700
2025-08-07,515.7418823242188,16079100
2025-08-08,516.9300537109375,15531000
2025-08-11,516.6627197265625,20194400
2025-08-12,524.0595703125,18667000
2025-08-13,515.484375,19619200
2025-08-14,517.36572265625,20269100
2025-08-15,515.078369140625,25213300
2025-08-18,512.0384521484375,23760600
2025-08-19,504.7801818847656,21481000
2025-08-20,500.7698669433594,27723000
2025-08-21,500.1251525878906,18443300
2025-08-22,503.09075927734375,24324200
2025-08-25,500.14495849609375,21638600
2025-08-26,497.9430847167969,30835700
2025-08-27,502.6047668457031,17277900
2025-08-28,505.4810791015625,18015600
2025-08-29,502.5551452636719,20961600
2025-09-02,500.9979553222656,18128000
2025-09-03,501.22607421875,16345100
2025-09-04,503.82470703125,15509500
2025-09-05,490.9605407714844,31994800
2025-09-08,494.1344604492187,16771000
2025-09-09,494.34271240234375,14410500
2025-09-10,496.2867126464844,21611800
2025-09-11,496.9215087890625,18881600
2025-09-12,505.7389221191406,23624900
2025-09-15,511.1543884277344,17143800
2025-09-16,504.8859558105469,19711900
2025-09-17,505.8579406738281,15816600
2025-09-18,504.3008117675781,18913700
2025-09-19,513.703369140625,52474100
2025-09-22,510.25189208984375,20009300
2025-09-23,505.0744323730469,19799600
2025-09-24,505.9869079589844,13533700
2025-09-25,502.8923645019531,15786500
2025-09-26,507.28619384765625,16213100
2025-09-29,510.4005432128906,17617800
2025-09-30,513.7232666015625,19728200
2025-10-01,515.4689331054688,22632300
2025-10-02,511.53131103515625,21222900
2025-10-03,513.1281127929688,15112300
2025-10-06,524.256591796875,21388600
2025-10-07,519.7039794921875,14615200
2025-10-08,520.56689453125,13363400
2025-10-09,518.136962890625,18343600
2025-10-10,506.790283203125,24133800
2025-10-13,509.8550720214844,14284200
2025-10-14,509.3790283203125,14684300
2025-10-15,509.2401428222656,14694700
2025-10-16,507.4349670410156,15559600
2025-10-17,509.3888854980469,19867800
2025-10-20,512.57275390625,14665600
2025-10-21,513.4356079101562,15586200
2025-10-22,516.2921142578125,18962700
2025-10-23,516.3118896484375,14023500
2025-10-24,519.3370971679688,15532400
2025-10-27,527.1824951171875,18734700
2025-10-28,537.6463623046875,29986700
2025-10-29,537.130615234375,36023000
2025-10-30,521.469482421875,41023100
2025-10-31,513.5844116210938,34006400
2025-11-03,512.810791015625,22374700
2025-11-04,510.1327819824219,20958700
2025-11-05,503.0213012695313,23024300
2025-11-06,493.04339599609375,27406500
2025-11-07,492.76568603515625,24019800
2025-11-10,501.8707885742187,26101500
2025-11-11,504.5289001464844,17980000
2025-11-12,506.9688415527344,26574900
2025-11-13,499.1828918457031,25273100
2025-11-14,506.0166320800781,28505700
2025-11-17,503.3486328125,19092800
2025-11-18,489.7604064941406,33815100
2025-11-19,483.1448364257813,23245300
2025-11-20,475.4138793945313,26802500
2025-11-21,469.1436462402344,31769200
2025-11-24,471.0118103027344,34421000
2025-11-25,473.98297119140625,28019800
2025-11-26,482.4393310546875,25709100
2025-11-28,488.9082946777344,14386700
2025-12-01,483.6714782714844,23964000
2025-12-02,486.9109497070313,19562700
2025-12-03,474.7182922363281,34615100
2025-12-04,477.8087158203125,22318200
2025-12-05,480.1140747070313,22608700
2025-12-08,487.9244995117187,21965900
2025-12-09,488.918212890625,14696100
2025-12-10,475.5430603027344,35756200
2025-12-11,480.4221496582031,24669200
2025-12-12,475.5132751464844,21248100
2025-12-15,471.82666015625,23727700
2025-12-16,473.38677978515625,20705600
2025-12-17,473.1184387207031,24527200
2025-12-18,480.9289245605469,28573500
2025-12-19,482.856689453125,70836100
2025-12-22,481.8629760742187,16963000
2025-12-23,483.7807922363281,14683600
2025-12-24,484.94342041015625,5855900
2025-12-26,484.6354064941406,8842200
2025-12-29,484.02923583984375,10893400
2025-12-30,484.4068603515625,13944500
2025-12-31,480.5711669921875,15601600
2026-01-02,469.95849609375,25571600
2026-01-05,469.86907958984375,25250300
2026-01-06,475.4933776855469,23037700
2026-01-07,480.4221496582031,25564200
2026-01-08,475.0959167480469,18162600
2026-01-09,476.258544921875,18491000
2026-01-12,474.1717529296875,23519900
2026-01-13,467.7028198242187,28545800
2026-01-14,456.4840087890625,28184300
2026-01-15,453.7811279296875,23225800
2026-01-16,456.9609375,34246700
2026-01-20,451.6546020507813,26130000
2026-01-21,441.3102111816406,37980500
2026-01-22,448.29595947265625,25349400
2026-01-23,463.0125732421875,38000200
2026-01-26,467.3152770996094,29291200
2026-01-27,477.5503234863281,29213900
2026-01-28,478.5937194824219,36875400
2026-01-29,430.76715087890625,128855300
2026-01-30,427.577392578125,58566800
2026-02-02,420.7009887695313,42219900
2026-02-03,408.61767578125,61424100
2026-02-04,411.5788879394531,45012400
2026-02-05,391.1882629394531,66289200
2026-02-06,398.6111755371094,53515300
2026-02-09,410.99261474609375,45480500
2026-02-10,410.6646423339844,44857900
2026-02-11,401.8207702636719,42491000
2026-02-12,399.3067626953125,40802400
2026-02-13,398.7900085449219,34091600
2026-02-17,394.3581237792969,32078800
2026-02-18,397.0808410644531,23223400
2026-02-19,396.8517761230469,28234000
2026-02-20,395.6267395019531,34015200
2026-02-23,382.9182434082031,43238300
2026-02-24,387.429931640625,33884700
2026-02-25,398.9831237792969,43625500
2026-02-26,400.0986022949219,34405900
2026-02-27,391.15484619140625,51367200
2026-03-02,396.9413757324219,35474900
2026-03-03,402.2996826171875,38199200
2026-03-04,403.5645751953125,35808000
2026-03-05,409.0224304199219,39001300
2026-03-06,407.3093872070313,31123900
2026-03-09,407.757568359375,30131900
2026-03-10,404.122314453125,31706400
2026-03-11,403.245849609375,25512100
2026-03-12,400.2380065917969,27263900
2026-03-13,393.9534912109375,26848000
2026-03-16,398.3357543945313,27733700
2026-03-17,397.7979431152344,26228300
2026-03-18,390.2086791992187,25908500
2026-03-19,387.4498596191406,25138800
2026-03-20,380.3287048339844,50853200
2026-03-23,381.4541931152344,29680100
2026-03-24,371.2355651855469,42733600
2026-03-25,369.5424499511719,31181200
2026-03-26,364.4928894042969,36836600
2026-03-27,355.3300476074219,37883400
2026-03-30,357.5111999511719,44797000
2026-03-31,368.6759643554687,45244400
2026-04-01,367.8791809082031,29417200
2026-04-02,371.9526672363281,24099100
2026-04-06,371.3750305175781,16146600
2026-04-07,370.7874145507813,21443300
2026-04-08,372.8191223144531,33064800
2026-04-09,371.5642395019531,30435300
2026-04-10,369.37310791015625,28111100
2026-04-13,382.8186340332031,35745800
2026-04-14,391.5233459472656,37504500
2026-04-15,409.5602722167969,45063400
2026-04-16,418.5637817382813,41642400
2026-04-17,421.0835876464844,48568200
2026-04-20,416.3826293945313,27582200
2026-04-21,422.4480285644531,32048500
2026-04-22,431.1726989746094,29378200
2026-04-23,414.0719909667969,38308000
2026-04-24,422.90618896484375,27457400
2026-04-27,423.1053771972656,30867300
2026-04-28,427.5174865722656,30438100
2026-04-29,422.746826171875,38288300
2026-04-30,406.1341552734375,70909400
2026-05-01,412.7672729492187,31372400
2026-05-04,411.9505615234375,28066500
2026-05-05,409.7196044921875,25700900
2026-05-06,412.2891845703125,30285900
2026-05-07,419.07171630859375,34942400
2026-05-08,413.4445190429687,33383800
2026-05-11,410.9944458007813,35657900
2026-05-12,406.1241760253906,38594200
2026-05-13,403.5745239257813,29667100
2026-05-14,407.7774658203125,27077500
2026-05-15,420.2170715332031,50771200
2026-05-18,421.83056640625,32564100
2026-05-19,415.7352600097656,33018700
2026-05-20,419.3605346679687,27864000
2026-05-21,418.3025207519531,31393500
2026-05-22,417.7835388183594,22390300
2026-05-26,415.248291015625,30398000
2026-05-27,411.8946228027344,28901500
2026-05-28,426.1876831054687,47250500
2026-05-29,449.3940124511719,79654400
2026-06-01,459.6546936035156,53628900
2026-06-02,440.4807739257813,37036800
2026-06-03,426.53704833984375,39037000
2026-06-04,427.2456970214844,26899500
2026-06-05,415.8870849609375,34782200
2026-06-08,410.9663391113281,32086700
2026-06-09,402.6520080566406,35317300
2026-06-10,396.61334228515625,32576000
2026-06-11,389.6065673828125,47224100
2026-06-12,390.00579833984375,34865800
2026-06-15,399.0088806152344,32266400
2026-06-16,393.0899963378906,31506800
2026-06-17,378.1980285644531,41987800
2026-06-18,378.6871032714844,59714200
2026-06-22,366.6497802734375,45171100
2026-06-23,373.23736572265625,40647600
2026-06-24,364.7733154296875,44509900
2026-06-25,352.1670227050781,66179000
2026-06-26,372.2691955566406,186201600
2026-06-29,367.8774719238281,51229900
2026-06-30,372.319091796875,44945700
2026-07-01,383.5579528808594,48065800
2026-07-02,389.7562561035156,42128900
2026-07-06,386.0133056640625,34224500
2026-07-07,388.109375,29297500
2026-07-08,382.6197204589844,25908300
2026-07-09,383.6377868652344,31083200
2026-07-10,384.37640380859375,24644600
2026-07-13,390.2553405761719,28914900
2026-07-14,384.2067260742187,27863900
2026-07-15,394.8866271972656,36253700
2026-07-16,400.3463439941406,37047400
2026-07-17,393.08001708984375,33049800
2026-07-20,401.53411865234375,27915800
2026-07-21,397.0026245117187,24126600
2026-07-22,389.6065673828125,28142500
2026-07-23,380.8630065917969,30351800
2026-07-24,380.9828186035156,27659400
2026-07-27,388.368896484375,27856200
2026-07-28,392.61090087890625,32367500
2026-07-29,389.8061828613281,47209000
2026-07-30,450.2524108886719,110160700
2026-07-31,463.8468017578125,60846000
2026-08-03,486.7337036132813,66762100
2026-08-04,491.884033203125,50455500
2026-08-05,486.5440673828125,33388900
2026-08-06,498.9207458496094,36441500
2026-08-07,499.0505065917969,28846200
2026-08-10,505.109130859375,31206100
2026-08-11,502.86334228515625,23049800
2026-08-12,491.5047302246094,29001500
2026-08-13,495.9463806152344,23039000
2026-08-14,494.4691467285156,16217600
2026-08-17,479.4474487304687,29635800
2026-08-18,480.72503662109375,24087600
2026-08-19,483.3999938964844,19961900
2026-08-20,481.1499938964844,20020800
2026-08-21,483.239990234375,22510800
2026-08-24,487.30999755859375,17230800
2026-08-25,491.7099914550781,19519000
2026-08-26,496.3699951171875,20758900
2026-08-27,505.05999755859375,28688800
2026-08-28,513.530029296875,29207300
2026-08-31,507.2900085449219,27208900
2026-09-01,501.0199890136719,21046900
2026-09-02,496.8200073242187,15323000
