date,close,volume
2015-08-17,41.03071975708008,21099700
2015-08-18,41.25765609741211,23574100
2015-08-19,40.68159866333008,31485500
2015-08-20,39.852439880371094,36238200
2015-08-21,37.59186172485352,70053100
2015-08-24,36.378662109375,88753700
2015-08-25,35.32255935668945,70616600
2015-08-26,37.27765274047851,63408000
2015-08-27,38.3162956237793,50943200
2015-08-28,38.34248352050781,28246700
2015-08-31,37.984622955322266,34441700
2015-09-01,36.500850677490234,49688900
2015-09-02,37.84498977661133,37671500
2015-09-03,37.96717071533203,28285200
2015-09-04,37.19036483764648,37138800
2015-09-08,38.30756378173828,32469800
2015-09-09,37.59186172485352,33469500
2015-09-10,37.78388595581055,31366600
2015-09-11,37.949703216552734,27132500
2015-09-14,37.56568145751953,23656000
2015-09-15,38.38611602783203,28882200
2015-09-16,38.66541290283203,23372200
2015-09-17,38.62176513671875,32768200
2015-09-18,37.949703216552734,63143700
2015-09-21,38.49958419799805,26177200
2015-09-22,38.3162956237793,28085900
2015-09-23,38.29011535644531,17145200
2015-09-24,38.32501602172851,27905600
2015-09-25,38.3512077331543,29384600
2015-09-28,37.78388595581055,27613800
2015-09-29,37.9148063659668,32763600
2015-09-30,38.630496978759766,34958900
2015-10-01,38.935977935791016,28657900
2015-10-02,39.773887634277344,41839000
2015-10-05,40.69905853271485,34369300
2015-10-06,40.80378723144531,27017200
2015-10-07,40.84742736816406,27711500
2015-10-08,41.414764404296875,33772700
2015-10-09,41.118011474609375,28600600
2015-10-12,41.021995544433594,19769100
2015-10-13,40.925994873046875,19987800
2015-10-14,40.74271011352539,24697800
2015-10-15,41.03072738647461,27189400
2015-10-16,41.46712493896485,26450300
2015-10-19,41.563133239746094,29387600
2015-10-20,41.694053649902344,30802200
2015-10-21,41.196563720703125,25144300
2015-10-22,41.92098617553711,56637100
2015-10-23,46.14539337158203,135227100
2015-10-26,47.34986877441406,64633300
2015-10-27,46.86107635498047,50999900
2015-10-28,47.114200592041016,47000800
2015-10-29,46.57305145263672,30202100
2015-10-30,45.944637298583984,46619800
2015-11-02,46.46833038330078,30285000
2015-11-03,47.262569427490234,36596900
2015-11-04,47.48079299926758,37087800
2015-11-05,47.46331405639648,31468500
2015-11-06,47.93463897705078,32851200
2015-11-09,47.27130889892578,32513100
2015-11-10,46.7039794921875,55283700
2015-11-11,46.82617950439453,36516300
2015-11-12,46.53816223144531,35361100
2015-11-13,46.11921310424805,36848200
2015-11-16,46.930912017822266,32165200
2015-11-17,46.5443000793457,31551300
2015-11-18,47.31754684448242,29710000
2015-11-19,47.39662170410156,28149200
2015-11-20,47.61629486083984,37147600
2015-11-23,47.61629486083984,28235900
2015-11-24,47.66901779174805,24600000
2015-11-25,47.17694091796875,21005100
2015-11-27,47.38783645629883,9009100
2015-11-30,47.75688552856445,56241400
2015-12-01,48.52133560180664,39952800
2015-12-02,48.5125617980957,47274900
2015-12-03,47.62507629394531,38627800
2015-12-04,49.12763977050781,43963700
2015-12-07,49.039764404296875,30709800
2015-12-08,49.02220153808594,32878000
2015-12-09,48.31046295166016,36373200
2015-12-10,48.56528091430664,31775800
2015-12-11,47.5020637512207,39549500
2015-12-14,48.4510498046875,46768900
2015-12-15,48.503780364990234,39843000
2015-12-16,49.320953369140625,37503300
2015-12-17,48.94312286376953,41280900
2015-12-18,47.56356430053711,84684200
2015-12-21,48.17866134643555,37246300
2015-12-22,48.63557815551758,28322200
2015-12-23,49.048561096191406,27279800
2015-12-24,48.91675567626953,9558500
2015-12-28,49.16278076171875,22458300
2015-12-29,49.68999481201172,27731400
2015-12-30,49.479122161865234,21704500
2015-12-31,48.74982070922851,27334100
2016-01-04,48.152305603027344,53778000
2016-01-05,48.37196731567383,34079700
2016-01-06,47.4932746887207,39518900
2016-01-07,45.84133529663086,56564900
2016-01-08,45.9819221496582,48754000
2016-01-11,45.95555877685547,36943800
2016-01-12,46.37732696533203,36095500
2016-01-13,45.3756217956543,66883600
2016-01-14,46.66730880737305,52381900
2016-01-15,44.80448532104492,71820700
2016-01-19,44.42664337158203,43564500
2016-01-20,44.62873458862305,63273000
2016-01-21,44.3563346862793,40191200
2016-01-22,45.94677734375,37555800
2016-01-25,45.50743103027344,34707700
2016-01-26,45.84133529663086,28900800
2016-01-27,45.006587982177734,36775200
2016-01-28,45.74467468261719,62513800
2016-01-29,48.40713119506836,83611700
2016-02-01,48.07319641113281,44208500
2016-02-02,46.570648193359375,56313800
2016-02-03,45.83253860473633,57559800
2016-02-04,45.69194412231445,46987100
2016-02-05,44.07516098022461,62009000
2016-02-08,43.416168212890625,59290500
2016-02-09,43.30192947387695,46740500
2016-02-10,43.67975997924805,38237000
2016-02-11,43.66217803955078,48878600
2016-02-12,44.3739128112793,34243300
2016-02-16,45.21466445922851,37291200
2016-02-17,46.3917350769043,40789000
2016-02-18,46.18816757202149,27176000
2016-02-19,45.8607177734375,33559100
2016-02-22,46.595272064208984,25008300
2016-02-23,45.294315338134766,28895300
2016-02-24,45.4536247253418,33014500
2016-02-25,46.108524322509766,26939500
2016-02-26,45.40053939819336,35975900
2016-02-29,45.02881622314453,31654000
2016-03-01,46.5333251953125,33024500
2016-03-02,46.86076736450195,29289900
2016-03-03,46.32977294921875,24427800
2016-03-04,46.04656982421875,33034200
2016-03-07,45.16156768798828,38407800
2016-03-08,45.71028137207031,33835100
2016-03-09,46.763427734375,28251600
2016-03-10,46.064266204833984,38387800
2016-03-11,46.96696472167969,32275700
2016-03-14,47.05546569824219,24083600
2016-03-15,47.42717361450195,21104800
2016-03-16,48.099761962890625,31691700
2016-03-17,48.374149322509766,28223900
2016-03-18,47.33867645263672,67625500
2016-03-21,47.6661262512207,23925700
2016-03-22,47.85197067260742,23124100
2016-03-23,47.76346969604492,20129000
2016-03-24,47.97587203979492,19950000
2016-03-28,47.38291549682617,17025100
2016-03-29,48.41836929321289,23924300
2016-03-30,48.719276428222656,23008300
2016-03-31,48.878562927246094,26360500
2016-04-01,49.17947006225586,24399200
2016-04-04,49.05556869506836,18928800
2016-04-05,48.2856330871582,19272300
2016-04-06,48.781211853027344,21188700
2016-04-07,48.197120666503906,19225100
2016-04-08,48.16171646118164,22167200
2016-04-11,48.06437301635742,21414200
2016-04-12,48.36527633666992,24944300
2016-04-13,48.98477554321289,20818000
2016-04-14,48.99361038208008,20877100
2016-04-15,49.250267028808594,28793800
2016-04-18,49.96711730957031,23786000
2016-04-19,49.90515899658203,29596800
2016-04-20,49.19718551635742,36195700
2016-04-21,49.36532211303711,38909100
2016-04-22,45.8253173828125,126834100
2016-04-25,46.11738204956055,33226900
2016-04-26,45.52442169189453,33532600
2016-04-27,45.0819206237793,43369300
2016-04-28,44.16151809692383,43134800
2016-04-29,44.13496780395508,48411700
2016-05-02,44.78986358642578,33114500
2016-05-03,44.05530548095703,26460200
2016-05-04,44.13496780395508,24257600
2016-05-05,44.19692611694336,25390700
2016-05-06,44.59518051147461,24787300
2016-05-09,44.31196975708008,17951600
2016-05-10,45.1527214050293,22891000
2016-05-11,45.17927169799805,24039100
2016-05-12,45.58636474609375,24102800
2016-05-13,45.20581817626953,22592300
2016-05-16,45.86957931518555,20032000
2016-05-17,45.01402282714844,27803500
2016-05-18,45.28139114379883,24907500
2016-05-19,44.84469985961914,23842400
2016-05-20,45.112056732177734,23905800
2016-05-23,44.58625793457031,26118700
2016-05-24,45.97651290893555,34757900
2016-05-25,46.4488525390625,24040200
2016-05-26,46.24386978149414,24335200
2016-05-27,46.62709045410156,17721400
2016-05-31,47.23310089111328,37653100
2016-06-01,47.09942626953125,25324800
2016-06-02,46.76967239379883,22840800
2016-06-03,46.154754638671875,23368300
2016-06-06,46.45775604248047,18243300
2016-06-07,46.431026458740234,20866800
2016-06-08,46.3775520324707,21149400
2016-06-09,46.00325393676758,20305700
2016-06-10,45.87848281860352,25833200
2016-06-13,44.684288024902344,83217800
2016-06-14,44.40801239013672,42577100
2016-06-15,44.28325653076172,33757600
2016-06-16,44.90708541870117,31188600
2016-06-17,44.67538833618164,45710500
2016-06-20,44.62190246582031,35607900
2016-06-21,45.62004089355469,34097800
2016-06-22,45.44179916381836,28816800
2016-06-23,46.261688232421875,29028800
2016-06-24,44.40801239013672,133503000
2016-06-27,43.160343170166016,50216300
2016-06-28,44.060447692871094,38140700
2016-06-29,45.040767669677734,31304000
2016-06-30,45.60221481323242,28527800
2016-07-01,45.59329605102539,21400400
2016-07-05,45.60221481323242,24806400
2016-07-06,45.78938293457031,28167500
2016-07-07,45.78938293457031,19585200
2016-07-08,46.609256744384766,28391000
2016-07-11,46.867713928222656,22269200
2016-07-12,47.42023468017578,27317600
2016-07-13,47.687591552734375,25356800
2016-07-14,47.89258575439453,24545500
2016-07-15,47.856937408447266,32024400
2016-07-18,48.08863830566406,31433900
2016-07-19,47.31330108642578,53336500
2016-07-20,49.82645797729492,89893300
2016-07-21,49.728424072265625,32776700
2016-07-22,50.414642333984375,32157200
2016-07-25,50.557228088378906,25610600
2016-07-26,50.5839729309082,28079000
2016-07-27,50.07598876953125,32327500
2016-07-28,50.09381866455078,37550400
2016-07-29,50.51266860961914,30558700
2016-08-01,50.42356491088867,26003400
2016-08-02,50.42356491088867,35122000
2016-08-03,50.771121978759766,22075600
2016-08-04,51.14542770385742,26587700
2016-08-05,51.65340042114258,29335200
2016-08-08,51.742523193359375,19473500
2016-08-09,51.86727142333984,16920700
2016-08-10,51.70685958862305,15756900
2016-08-11,51.95640182495117,18162300
2016-08-12,51.63557434082031,21655200
2016-08-15,51.79597854614258,19283900
2016-08-16,51.5090217590332,20523500
2016-08-17,51.61663818359375,18856400
2016-08-18,51.65251159667969,14214300
2016-08-19,51.67045211791992,17271000
2016-08-22,51.71527862548828,15221900
2016-08-23,51.912574768066406,18732400
2016-08-24,51.96637725830078,18151500
2016-08-25,52.16365814208984,18552600
2016-08-26,52.038108825683594,20971200
2016-08-29,52.10087966918945,16417200
2016-08-30,51.912574768066406,16930200
2016-08-31,51.5269660949707,20860300
2016-09-01,51.6435432434082,26075400
2016-09-02,51.71527862548828,18900500
2016-09-06,51.661468505859375,16278400
2016-09-07,51.70631790161133,17493400
2016-09-08,51.50005340576172,20146100
2016-09-09,50.40604019165039,35113900
2016-09-12,51.15929412841797,29303000
2016-09-13,50.6929931640625,30130200
2016-09-14,50.450870513916016,24062500
2016-09-15,51.28483963012695,26847000
2016-09-16,51.338653564453125,44607000
2016-09-19,51.05168533325195,20937100
2016-09-20,50.94407653808594,17384000
2016-09-21,51.79597473144531,33707300
2016-09-22,51.84980773925781,19822200
2016-09-23,51.50005340576172,19955300
2016-09-26,51.0247917175293,21688700
2016-09-27,51.96637725830078,28065100
2016-09-28,52.038108825683594,20536400
2016-09-29,51.473148345947266,25463500
2016-09-30,51.65251159667969,29910800
2016-10-03,51.49109649658203,19189500
2016-10-04,51.329681396484375,20085900
2016-10-05,51.68837356567383,16726400
2016-10-06,51.77806091308594,16212600
2016-10-07,51.83185577392578,20089000
2016-10-10,52.04707336425781,18196500
2016-10-11,51.28483963012695,26497400
2016-10-12,51.21310043334961,22177500
2016-10-13,51.042724609375,25313700
2016-10-14,51.49109649658203,27402500
2016-10-17,51.31174850463867,23830000
2016-10-18,51.70631790161133,19149500
2016-10-19,51.58972930908203,22878400
2016-10-20,51.338653564453125,49455600
2016-10-21,53.499813079833984,80032200
2016-10-24,54.701446533203125,54067000
2016-10-25,54.69247055053711,35137200
2016-10-26,54.369632720947266,29911600
2016-10-27,53.89437103271485,28479900
2016-10-28,53.688114166259766,33574700
2016-10-31,53.73295593261719,26434700
2016-11-01,53.6253547668457,24533000
2016-11-02,53.293548583984375,22147000
2016-11-03,53.09627532958984,21600400
2016-11-04,52.64789581298828,28697000
2016-11-07,54.18133163452149,31664800
2016-11-08,54.226173400878906,22935400
2016-11-09,53.95713806152344,49632500
2016-11-10,52.6389274597168,57822400
2016-11-11,52.92588424682617,38767800
2016-11-14,52.11881256103515,41328400
2016-11-15,53.14801025390625,35904100
2016-11-16,53.85218811035156,27332500
2016-11-17,54.74596405029297,32132700
2016-11-18,54.484161376953125,27686300
2016-11-21,54.94459533691406,19652600
2016-11-22,55.17930603027344,23206700
2016-11-23,54.5293083190918,21848900
2016-11-25,54.64665985107422,8409600
2016-11-28,54.7188835144043,20732600
2016-11-29,55.1522331237793,22366700
2016-11-30,54.40289688110352,34655400
2016-12-01,53.44594192504883,34542100
2016-12-02,53.491085052490234,25515700
2016-12-05,54.36680221557617,23552700
2016-12-06,54.123023986816406,19907000
2016-12-07,55.40502166748047,30809000
2016-12-08,55.08001708984375,21220800
2016-12-09,55.94670486450195,27349400
2016-12-12,56.12726211547851,20198100
2016-12-13,56.85852813720703,35718900
2016-12-14,56.58769989013672,30352700
2016-12-15,56.49742126464844,27669900
2016-12-16,56.244632720947266,42453100
2016-12-19,57.43632125854492,34338200
2016-12-20,57.36409759521485,26028400
2016-12-21,57.36409759521485,17096300
2016-12-22,57.37314224243164,22176600
2016-12-23,57.09326171875,12403800
2016-12-27,57.12936019897461,11763200
2016-12-28,56.86756134033203,14653300
2016-12-29,56.78630828857422,10250600
2016-12-30,56.10016632080078,25579900
2017-01-03,56.49742126464844,20694100
2017-01-04,56.244632720947266,21340000
2017-01-05,56.244632720947266,24876000
2017-01-06,56.73212814331055,19922900
2017-01-09,56.55158233642578,20382700
2017-01-10,56.53352355957031,18593000
2017-01-11,57.04811096191406,21517300
2017-01-12,56.52448272705078,20968200
2017-01-13,56.605743408203125,19422300
2017-01-17,56.4522705078125,20664000
2017-01-18,56.4251823425293,19670100
2017-01-19,56.244632720947266,18451700
2017-01-20,56.6418571472168,30213500
2017-01-23,56.84047317504883,23097600
2017-01-24,57.34604263305664,24672900
2017-01-25,57.49049758911133,23672700
2017-01-26,58.02315139770508,43554600
2017-01-27,59.38636779785156,44818000
2017-01-30,58.79955291748047,31651400
2017-01-31,58.36620330810547,25270500
2017-02-01,57.40021514892578,39671500
2017-02-02,57.03006362915039,45827000
2017-02-03,57.49049758911133,30301800
2017-02-06,57.45438003540039,19796400
2017-02-07,57.26477813720703,20277200
2017-02-08,57.18354034423828,18096400
2017-02-09,57.83356094360352,22644400
2017-02-10,57.779388427734375,18170700
2017-02-13,58.429420471191406,22920100
2017-02-14,58.64739608764648,23108400
2017-02-15,58.6110725402832,17005200
2017-02-16,58.60198211669922,20546300
2017-02-17,58.69280624389648,21248800
2017-02-21,58.574729919433594,20655900
2017-02-22,58.4566535949707,19292700
2017-02-23,58.69280624389648,20273100
2017-02-24,58.69280624389648,21796800
2017-02-27,58.33857727050781,15871500
2017-02-28,58.11150360107422,23239800
2017-03-01,58.98346710205078,26937500
2017-03-02,58.13875961303711,24539600
2017-03-03,58.35674285888672,18135900
2017-03-06,58.374908447265625,18750300
2017-03-07,58.49298095703125,18521000
2017-03-08,59.02887344360352,21510900
2017-03-09,58.792724609375,19846800
2017-03-10,58.97438049316406,19538200
2017-03-13,58.77455139160156,20100000
2017-03-14,58.5020751953125,14280200
2017-03-15,58.81087875366211,24833800
2017-03-16,58.71098709106445,20674300
2017-03-17,58.919891357421875,49219700
2017-03-20,58.97438049316406,14598100
2017-03-21,58.32041549682617,26640500
2017-03-22,59.065208435058594,20680000
2017-03-23,58.919891357421875,19269200
2017-03-24,59.0197868347168,22617100
2017-03-27,59.12876892089844,18614700
2017-03-28,59.30135726928711,20080400
2017-03-29,59.464839935302734,13618400
2017-03-30,59.682838439941406,15122800
2017-03-31,59.81906509399414,21040300
2017-04-03,59.53751373291016,20400900
2017-04-04,59.70099639892578,12997400
2017-04-05,59.54658508300781,21448600
2017-04-06,59.70099639892578,18103500
2017-04-07,59.65558242797851,14108500
2017-04-10,59.51933288574219,17952700
2017-04-11,59.47394180297851,18791500
2017-04-12,59.24686050415039,17108500
2017-04-13,58.99253463745117,17896500
2017-04-17,59.47394180297851,16689300
2017-04-18,59.392181396484375,15155600
2017-04-19,59.07428359985352,26992800
2017-04-20,59.492095947265625,22299500
2017-04-21,60.30953598022461,32522600
2017-04-24,61.33588790893555,29770000
2017-04-25,61.690086364746094,30242700
2017-04-26,61.60837173461914,26190800
2017-04-27,62.00802230834961,34971000
2017-04-28,62.18059158325195,39548800
2017-05-01,63.04344177246094,31954400
2017-05-02,62.94353866577149,23906100
2017-05-03,62.74372863769531,28928000
2017-05-04,62.49848175048828,21749400
2017-05-05,62.67103958129883,19128800
2017-05-08,62.6165657043457,18566100
2017-05-09,62.7073974609375,22858400
2017-05-10,62.95262145996094,17977800
2017-05-11,62.18059158325195,28789400
2017-05-12,62.107913970947266,18714100
2017-05-15,62.1533317565918,31530300
2017-05-16,63.404823303222656,34956000
2017-05-17,61.641788482666016,30548800
2017-05-18,61.85189056396485,25201300
2017-05-19,61.8336296081543,26961100
2017-05-22,62.52786636352539,16237600
2017-05-23,62.73797225952149,15425800
2017-05-24,62.82017135620117,14593900
2017-05-25,63.596649169921875,21854100
2017-05-26,63.90723419189453,19827900
2017-05-30,64.31829071044922,17072800
2017-05-31,63.797584533691406,30436400
2017-06-01,64.03511810302734,21603600
2017-06-02,65.5514907836914,34770300
2017-06-05,66.0264892578125,33316800
2017-06-06,66.24574279785156,31511100
2017-06-07,66.12699127197266,22301800
2017-06-08,65.72505187988281,24588300
2017-06-09,64.23607635498047,49187400
2017-06-12,63.742794036865234,47761700
2017-06-13,64.53750610351562,25258600
2017-06-14,64.19039154052734,25510700
2017-06-15,63.852447509765625,26068700
2017-06-16,63.943748474121094,48345100
2017-06-19,64.73851013183594,23798300
2017-06-20,63.86153793334961,21512200
2017-06-21,64.19039154052734,19891100
2017-06-22,64.18128967285156,22965700
2017-06-23,65.049072265625,27617300
2017-06-26,64.42791748046875,19607000
2017-06-27,63.22211456298828,25215100
2017-06-28,63.76106643676758,25806200
2017-06-29,62.564414978027344,28918700
2017-06-30,62.966331481933594,24161100
2017-07-03,62.272098541259766,16165500
2017-07-05,63.103363037109375,21176300
2017-07-06,62.637481689453125,21117600
2017-07-07,63.45047378540039,16878300
2017-07-10,63.92548751831055,15014500
2017-07-11,63.93462371826172,17460000
2017-07-12,64.99427795410156,17750900
2017-07-13,65.56063842773438,20269800
2017-07-14,66.48324584960938,25868100
2017-07-17,67.00395202636719,21803900
2017-07-18,66.95825958251953,26435300
2017-07-19,67.4698257446289,22416200
2017-07-20,67.79866790771484,42361000
2017-07-21,67.4058609008789,46717100
2017-07-24,67.23230743408203,21394800
2017-07-25,67.771240234375,22018700
2017-07-26,67.64337921142578,16252200
2017-07-27,66.83036804199219,36844200
2017-07-28,66.72077178955078,18306700
2017-07-31,66.4101791381836,23600100
2017-08-01,66.30056762695312,22132300
2017-08-02,66.00825500488281,26499200
2017-08-03,65.90776062011719,18214400
2017-08-04,66.39189910888672,22579000
2017-08-07,66.1361083984375,18705700
2017-08-08,66.49237823486328,22044600
2017-08-09,66.2000503540039,22213400
2017-08-10,65.23176574707031,24734500
2017-08-11,66.22746276855469,21443700
2017-08-14,67.22315216064453,20096600
2017-08-15,67.24153900146484,19181400
2017-08-16,67.63643646240234,18150400
2017-08-17,66.48844909667969,22977500
2017-08-18,66.57115936279297,18761500
2017-08-21,66.25890350341797,17734800
2017-08-22,67.1864242553711,14343700
2017-08-23,66.78236389160156,13766500
2017-08-24,66.75482177734375,17098300
2017-08-25,66.87419891357422,12794300
2017-08-28,66.88336181640625,14569700
2017-08-29,67.08541870117188,11478400
2017-08-30,67.96703338623047,16897800
2017-08-31,68.66498565673828,27652800
2017-09-01,67.90274047851562,21736200
2017-09-05,67.59969329833984,21556000
2017-09-06,67.40684509277344,16535800
2017-09-07,68.27007293701172,17471200
2017-09-08,67.9394760131836,14703800
2017-09-11,68.65581512451172,17910400
2017-09-12,68.58232879638672,14394900
2017-09-13,69.06905364990234,13380800
2017-09-14,68.66498565673828,15733900
2017-09-15,69.16088104248047,38578400
2017-09-18,69.02310943603516,23307000
2017-09-19,69.28025817871094,16093300
2017-09-20,68.82109069824219,21587900
2017-09-21,68.15071105957031,19186100
2017-09-22,68.33438873291016,14111400
2017-09-25,67.27828216552734,24149200
2017-09-26,67.27828216552734,18019600
2017-09-27,67.82008361816406,19565100
2017-09-28,67.83846282958984,10883800
2017-09-29,68.40785217285156,17079100
2017-10-02,68.51803588867188,15304800
2017-10-03,68.19661712646484,12190400
2017-10-04,68.59149932861328,13317700
2017-10-05,69.7669906616211,21195300
2017-10-06,69.79454803466797,13959800
2017-10-09,70.06086730957031,11386500
2017-10-10,70.06086730957031,13944500
2017-10-11,70.18023681640625,15388900
2017-10-12,70.82308959960938,16876500
2017-10-13,71.16287994384766,15335700
2017-10-16,71.30982971191406,12380100
2017-10-17,71.25474548339844,16824000
2017-10-18,71.2730941772461,13300700
2017-10-19,71.5486068725586,15092800
2017-10-20,72.37509155273438,22866400
2017-10-23,72.39347076416016,20627200
2017-10-24,72.4210205078125,17517200
2017-10-25,72.20978546142578,20410800
2017-10-26,72.32919311523438,32120700
2017-10-27,76.96687316894531,71066700
2017-10-30,77.04032135009766,31756700
2017-10-31,76.3883056640625,27086600
2017-11-01,76.3883056640625,22307400
2017-11-02,77.187255859375,23992900
2017-11-03,77.26991271972656,17633500
2017-11-06,77.57296752929688,19860900
2017-11-07,77.38929748535156,17939700
2017-11-08,77.6556167602539,18034200
2017-11-09,77.22396850585938,21178400
2017-11-10,77.02196502685547,19397800
2017-11-13,77.07704162597656,14196900
2017-11-14,77.187255859375,18801300
2017-11-15,76.58734130859375,19383100
2017-11-16,76.79036712646484,20962800
2017-11-17,76.0520248413086,22079000
2017-11-20,76.17201232910156,16315000
2017-11-21,77.27033996582031,21237500
2017-11-22,76.70730590820312,20553100
2017-11-24,76.84575653076172,7425600
2017-11-27,77.40878295898438,18265200
2017-11-28,78.3409423828125,21926000
2017-11-29,76.91960906982422,27381100
2017-11-30,77.68565368652344,33054600
2017-12-01,77.76872253417969,29532100
2017-12-04,74.83368682861328,39094900
2017-12-05,75.3044204711914,26152300
2017-12-06,76.40272521972656,26162100
2017-12-07,76.13508605957031,23184500
2017-12-08,77.6764144897461,24489100
2017-12-11,78.66400909423828,22857900
2017-12-12,78.98703002929688,23924100
2017-12-13,78.77474212646484,22062700
2017-12-14,78.16558837890625,19306000
2017-12-15,80.1591796875,53936700
2017-12-18,79.72538757324219,22283800
2017-12-19,79.21775817871094,23524800
2017-12-20,78.93163299560547,23674900
2017-12-21,78.91320037841797,17990700
2017-12-22,78.92242431640625,14145800
2017-12-26,78.82087707519531,9891200
2017-12-27,79.10702514648438,14678000
2017-12-28,79.1162338256836,10594300
2017-12-29,78.95010375976562,18717400
2018-01-02,79.32852172851562,22483800
2018-01-03,79.69770812988281,26061400
2018-01-04,80.39916229248047,21912000
2018-01-05,81.3959732055664,23407100
2018-01-08,81.4790267944336,22113000
2018-01-09,81.42365264892578,19484300
2018-01-10,81.05445861816406,18652200
2018-01-11,81.29443359375,17808900
2018-01-12,82.69733428955078,24271500
2018-01-16,81.54361724853516,36599700
2018-01-17,83.19572448730469,25621200
2018-01-18,83.15880584716797,24159700
2018-01-19,83.06652069091797,36875000
2018-01-22,84.55247497558594,23601600
2018-01-23,84.82014465332031,23412800
2018-01-24,84.7463150024414,33277500
2018-01-25,85.217041015625,26383200
2018-01-26,86.8137435913086,29172200
2018-01-29,86.68451690673828,31569900
2018-01-30,85.5954360961914,38635100
2018-01-31,87.69056701660156,48756300
2018-02-01,86.99834442138672,47227900
2018-02-02,84.70939636230469,47867800
2018-02-05,81.2206039428711,51031500
2018-02-06,84.29405975341797,67998600
2018-02-07,82.70655822753906,41107600
2018-02-08,78.46095275878906,55628700
2018-02-09,81.3867416381836,63499100
2018-02-12,82.26355743408203,35720300
2018-02-13,82.90962219238281,26407700
2018-02-14,84.20783233642578,34960900
2018-02-15,85.92333984375,27823900
2018-02-16,85.3113021850586,30596900
2018-02-20,85.97895812988281,30911700
2018-02-21,84.8384017944336,26922500
2018-02-22,85.06095886230469,24392800
2018-02-23,87.22154998779297,26329200
2018-02-26,88.4826889038086,30199800
2018-02-27,87.35139465332031,25869100
2018-02-28,86.95262145996094,31167300
2018-03-01,86.09953308105469,37135600
2018-03-02,86.28496551513672,32830400
2018-03-05,86.83208465576172,23901600
2018-03-06,86.53536224365234,22175800
2018-03-07,87.03608703613281,26716100
2018-03-08,87.56463623046875,25887800
2018-03-09,89.52124786376953,36937300
2018-03-12,89.7345199584961,26073700
2018-03-13,87.54608154296875,35387800
2018-03-14,87.02680969238281,32132000
2018-03-15,87.33282470703125,27611000
2018-03-16,87.72228240966797,49081300
2018-03-19,86.1366195678711,33344100
2018-03-20,86.35913848876953,23075200
2018-03-21,85.75643920898438,24457100
2018-03-22,83.26199340820312,38604700
2018-03-23,80.84175109863281,44068900
2018-03-26,86.9619140625,56396800
2018-03-27,82.96524810791016,56569000
2018-03-28,82.89105224609375,52501100
2018-03-29,84.63436889648438,45867500
2018-04-02,82.0843276977539,48515400
2018-04-03,83.18781280517578,37213800
2018-04-04,85.61734008789062,35560000
2018-04-05,85.6636962890625,29771900
2018-04-06,83.66999816894531,38026000
2018-04-09,84.17073822021484,31533900
2018-04-10,86.12733459472656,26812000
2018-04-11,85.18150329589844,24872100
2018-04-12,86.77645111083984,26758900
2018-04-13,86.31278228759766,23346100
2018-04-16,87.32355499267578,20288100
2018-04-17,89.08541107177734,26771000
2018-04-18,89.42851257324219,21043300
2018-04-19,89.12248992919922,23552500
2018-04-20,88.09320831298828,31154400
2018-04-23,88.41776275634766,22331800
2018-04-24,86.3498764038086,34524800
2018-04-25,85.59877014160156,33729300
2018-04-26,87.40701293945312,42529000
2018-04-27,88.85357666015625,48272800
2018-04-30,86.72079467773438,41523600
2018-05-01,88.09320831298828,31408900
2018-05-02,86.71153259277344,27471000
2018-05-03,87.23081970214844,31142500
2018-05-04,88.2415771484375,22531300
2018-05-07,89.22451782226562,24242000
2018-05-08,88.84431457519531,23484600
2018-05-09,89.89216613769531,27327400
2018-05-10,90.7916488647461,22388100
2018-05-11,90.596923828125,16778300
2018-05-14,90.90291595458984,19454100
2018-05-15,90.24453735351562,24594000
2018-05-16,90.47738647460938,17384700
2018-05-17,89.5739974975586,17246700
2018-05-18,89.74163818359375,17865800
2018-05-21,90.89647674560548,19422500
2018-05-22,90.80335235595705,15441200
2018-05-23,91.88365936279295,21251200
2018-05-24,91.55770874023438,26649300
2018-05-25,91.60426330566406,18363900
2018-05-29,91.27830505371094,28671000
2018-05-30,92.15371704101562,22158500
2018-05-31,92.0512924194336,34140900
2018-06-01,93.86735534667967,28655600
2018-06-04,94.68690490722656,27281600
2018-06-05,95.1711883544922,23514400
2018-06-06,95.45059204101562,21122900
2018-06-07,93.95115661621094,28232200
2018-06-08,94.64967346191406,22165100
2018-06-11,94.10950469970705,23490900
2018-06-12,94.35162353515624,18325200
2018-06-13,93.9232177734375,29492900
2018-06-14,94.45408630371094,25691800
2018-06-15,93.25270080566406,65738600
2018-06-18,93.93256378173828,23586000
2018-06-19,93.93256378173828,28653100
2018-06-20,94.87317657470705,26180800
2018-06-21,94.19330596923828,23198200
2018-06-22,93.51346588134766,38923100
2018-06-25,91.63220977783205,35433300
2018-06-26,92.27481842041016,26897200
2018-06-27,90.84056091308594,31298400
2018-06-28,91.85569763183594,26650700
2018-06-29,91.83712005615234,28053200
2018-07-02,93.14093017578124,19564500
2018-07-03,92.2468719482422,14670300
2018-07-05,92.90808868408205,18977400
2018-07-06,94.2119369506836,19234600
2018-07-09,94.8545379638672,18212000
2018-07-10,95.1060028076172,19293100
2018-07-11,94.97562408447266,19644600
2018-07-12,97.03384399414062,24335900
2018-07-13,98.1886749267578,24635200
2018-07-16,97.70436096191406,21786900
2018-07-17,98.67293548583984,25901700
2018-07-18,97.89997100830078,29493900
2018-07-19,97.22940063476562,40171600
2018-07-20,98.97096252441406,56004000
2018-07-23,100.5542221069336,29707000
2018-07-24,100.26551055908205,26316600
2018-07-25,103.2177963256836,30702100
2018-07-26,102.09089660644533,31372100
2018-07-27,100.28412628173828,37005300
2018-07-30,98.13277435302734,34668300
2018-07-31,98.79400634765624,27655200
2018-08-01,98.98028564453124,23628700
2018-08-02,100.18167114257812,26104300
2018-08-03,100.6194076538086,18659600
2018-08-06,100.70320892333984,20265900
2018-08-07,101.40170288085938,16080200
2018-08-08,101.96981048583984,15487500
2018-08-09,102.13743591308594,13677200
2018-08-10,101.5134735107422,18183700
2018-08-13,100.77772521972656,18472500
2018-08-14,102.03498077392578,16788300
2018-08-15,100.65137481689452,29982800
2018-08-16,100.6326675415039,21384300
2018-08-17,100.57656860351562,18061500
2018-08-20,99.91278076171876,17914200
2018-08-21,99.08072662353516,22881900
2018-08-22,100.09040069580078,18000600
2018-08-23,100.5578384399414,18167700
2018-08-24,101.34317779541016,17234000
2018-08-27,102.4650650024414,19662300
2018-08-28,103.08208465576172,19151500
2018-08-29,104.72750854492188,20818000
2018-08-30,104.66207122802734,22798700
2018-08-31,105.01734924316406,23222700
2018-09-04,104.43768310546876,22634600
2018-09-05,101.42730712890624,32872400
2018-09-06,101.66104888916016,23477600
2018-09-07,101.1655502319336,22498600
2018-09-10,102.2593765258789,20727900
2018-09-11,103.99827575683594,24301800
2018-09-12,104.43768310546876,18891100
2018-09-13,105.55958557128906,26055600
2018-09-14,105.98963928222656,19122300
2018-09-17,104.8396987915039,20736500
2018-09-18,105.8400650024414,22170900
2018-09-19,104.4283447265625,21728400
2018-09-20,106.17660522460938,23714500
2018-09-21,106.82170104980467,71229700
2018-09-24,107.20499420166016,27334500
2018-09-25,106.99932098388672,22668000
2018-09-26,106.5599136352539,19352000
2018-09-27,106.96192169189452,19091300
2018-09-28,106.92452239990234,21647800
2018-10-01,108.08380126953124,18883100
2018-10-02,107.65374755859376,20787200
2018-10-03,107.67243957519533,16648000
2018-10-04,105.4474105834961,34821700
2018-10-05,104.8303451538086,29068900
2018-10-08,103.63368225097656,29640600
2018-10-09,104.95189666748048,26198600
2018-10-10,99.24900817871094,61376300
2018-10-11,99.0152816772461,63904300
2018-10-12,102.43701171875,47742100
2018-10-15,100.5952377319336,32068100
2018-10-16,103.77392578125,31610200
2018-10-17,103.50279235839844,26548200
2018-10-18,101.4366683959961,32506200
2018-10-19,101.58625793457033,32785500
2018-10-22,102.49308013916016,26545600
2018-10-23,101.0627212524414,43770400
2018-10-24,95.65896606445312,63897800
2018-10-25,101.24967956542967,61646800
2018-10-26,99.99691772460938,55523100
2018-10-29,97.0893783569336,55162000
2018-10-30,96.97720336914062,65350900
2018-10-31,99.85668182373048,51062400
2018-11-01,99.02462768554688,33384200
2018-11-02,99.24900817871094,37680200
2018-11-05,100.51112365722656,27922100
2018-11-06,100.70745086669922,24340200
2018-11-07,104.67141723632812,37901700
2018-11-08,104.47510528564452,25644100
2018-11-09,102.43701171875,32039200
2018-11-12,99.91278076171876,33621800
2018-11-13,99.9782257080078,35374600
2018-11-14,98.56041717529295,39495100
2018-11-15,100.7293930053711,38505200
2018-11-16,101.67770385742188,33502100
2018-11-19,98.23179626464844,44773900
2018-11-20,95.4994659423828,64052500
2018-11-21,96.81400299072266,28130600
2018-11-23,96.77645111083984,13823100
2018-11-26,99.9688491821289,32336200
2018-11-27,100.5979232788086,29124500
2018-11-28,104.33489990234376,46788500
2018-11-29,103.4616928100586,28123200
2018-11-30,104.11892700195312,33665600
2018-12-03,105.24566650390624,34732800
2018-12-04,101.89366912841795,45197000
2018-12-06,102.5227508544922,49107400
2018-12-07,98.41960144042967,45044900
2018-12-10,101.02043914794922,40801500
2018-12-11,101.95938873291016,42381900
2018-12-12,102.4194793701172,36183000
2018-12-13,102.76687622070312,31333400
2018-12-14,99.55569458007812,47043100
2018-12-17,96.60743713378906,56957300
2018-12-18,97.6214828491211,49319200
2018-12-19,97.3585968017578,68198200
2018-12-20,95.31171417236328,70334200
2018-12-21,92.2319793701172,111242100
2018-12-24,88.38232421875,43935200
2018-12-26,94.4197235107422,51634800
2018-12-27,95.00183868408205,49498500
2018-12-28,94.26008605957033,38196300
2018-12-31,95.36802673339844,33173800
2019-01-02,94.94551849365234,35329300
2019-01-03,91.4526596069336,42579100
2019-01-04,95.7060546875,44060600
2019-01-07,95.82811737060548,35656100
2019-01-08,96.52291870117188,31514400
2019-01-09,97.9031753540039,32280800
2019-01-10,97.2740707397461,30067600
2019-01-11,96.52291870117188,28314200
2019-01-14,95.81871795654295,28437100
2019-01-15,98.59800720214844,31587600
2019-01-16,98.94538116455078,29853900
2019-01-17,99.64020538330078,28393000
2019-01-18,101.13311767578124,37427600
2019-01-22,99.22708129882812,32371300
2019-01-23,100.1941909790039,25874300
2019-01-24,99.71533966064452,23164800
2019-01-25,100.62608337402344,31225600
2019-01-28,98.66371154785156,29476700
2019-01-29,96.65438079833984,31490500
2019-01-30,99.88431549072266,49471900
2019-01-31,98.05339050292967,55636400
2019-02-01,96.50416564941406,35535700
2019-02-04,99.28340911865234,31315100
2019-02-05,100.67301940917967,27325400
2019-02-06,99.55569458007812,20609800
2019-02-07,98.84209442138672,29760700
2019-02-08,99.21769714355467,21461100
2019-02-11,98.82332611083984,18914100
2019-02-12,100.36316680908205,25056600
2019-02-13,100.28807067871094,18394900
2019-02-14,100.37259674072266,21784700
2019-02-15,101.61198425292967,26606900
2019-02-19,101.5650405883789,18038500
2019-02-20,101.0369873046875,21607700
2019-02-21,103.16805267333984,29063200
2019-02-22,104.63903045654295,27763200
2019-02-25,105.2236557006836,23750600
2019-02-26,105.9497299194336,21536700
2019-02-27,105.77057647705078,21487100
2019-02-28,105.63858032226562,29083900
2019-03-01,106.11004638671876,23501200
2019-03-04,105.85543823242188,26608000
2019-03-05,105.32737731933594,19538300
2019-03-06,105.37454223632812,17687000
2019-03-07,104.0921401977539,25339000
2019-03-08,104.20529174804688,22818400
2019-03-11,106.39292907714844,26491600
2019-03-12,107.13785552978516,26132700
2019-03-13,107.96764373779295,35513800
2019-03-14,108.05252838134766,30763400
2019-03-15,109.29721069335938,54681100
2019-03-18,110.86251068115234,31207600
2019-03-19,110.9379425048828,37588700
2019-03-20,110.81533813476562,28113300
2019-03-21,113.36133575439452,29854400
2019-03-22,110.37216186523438,33624500
2019-03-25,110.9473876953125,27067100
2019-03-26,111.18310546875,26097700
2019-03-27,110.10813903808594,22733400
2019-03-28,110.25902557373048,18334800
2019-03-29,111.21141052246094,25399800
2019-04-01,112.2297821044922,22789100
2019-04-02,112.3900909423828,18142300
2019-04-03,113.12557220458984,22860700
2019-04-04,112.55038452148438,20112800
2019-04-05,113.0501480102539,15826200
2019-04-08,113.0878677368164,15116200
2019-04-09,112.4749526977539,17612000
2019-04-10,113.3330307006836,16477200
2019-04-11,113.46504974365234,14209100
2019-04-12,114.04964447021484,19745100
2019-04-15,114.14397430419922,15792600
2019-04-16,113.87993621826172,14071800
2019-04-17,114.82286834716795,19300900
2019-04-18,116.33160400390624,27991000
2019-04-22,116.69937133789062,15648700
2019-04-23,118.28351593017578,24025500
2019-04-24,117.87804412841795,31257000
2019-04-25,121.78185272216795,38033900
2019-04-26,122.47962951660156,23654900
2019-04-29,122.3665008544922,16324200
2019-04-30,123.14913940429688,24166500
2019-05-01,120.58429718017578,26821700
2019-05-02,119.00959777832033,27350200
2019-05-03,121.54608917236328,24911100
2019-05-06,120.8388900756836,24239800
2019-05-07,118.3589324951172,36017700
2019-05-08,118.34951782226562,28419000
2019-05-09,118.340087890625,27235800
2019-05-10,119.8770980834961,30915100
2019-05-13,116.31275177001952,33944900
2019-05-14,117.61402893066406,25266300
2019-05-15,119.2702865600586,24722700
2019-05-16,122.02440643310548,30112200
2019-05-17,121.2104949951172,25770500
2019-05-20,119.45957946777344,23706900
2019-05-21,120.10315704345705,15293300
2019-05-22,120.83191680908205,15396500
2019-05-23,119.42171478271484,23603800
2019-05-24,119.47848510742188,14123400
2019-05-28,119.40279388427734,23128400
2019-05-29,118.24812316894533,22763100
2019-05-30,118.99584197998048,16829600
2019-05-31,117.05561065673828,26646800
2019-06-03,113.42127990722656,37983600
2019-06-04,116.56348419189452,29382600
2019-06-05,119.0904769897461,24926100
2019-06-06,120.97389221191406,21459000
2019-06-07,124.36212158203124,33885600
2019-06-10,125.49787139892578,26477100
2019-06-11,125.02462768554688,23913700
2019-06-12,124.44730377197266,17092500
2019-06-13,125.2328643798828,17200800
2019-06-14,125.35588836669922,17821700
2019-06-17,125.73446655273438,14517800
2019-06-18,127.92074584960938,25934500
2019-06-19,128.42233276367188,23744400
2019-06-20,129.61489868164062,33042600
2019-06-21,129.63380432128906,36727900
2019-06-24,130.400390625,20628800
2019-06-25,126.28339385986328,33327400
2019-06-26,126.75662994384766,23657700
2019-06-27,126.9648208618164,16557500
2019-06-28,126.7850341796875,30043000
2019-07-01,128.4128875732422,22613500
2019-07-02,129.2646484375,15237800
2019-07-03,130.09759521484375,13629300
2019-07-05,129.71900939941406,18141100
2019-07-08,129.6243438720703,16779700
2019-07-09,129.151123046875,19953100
2019-07-10,130.4666748046875,24204400
2019-07-11,130.98719787597656,22327900
2019-07-12,131.46041870117188,18936800
2019-07-15,131.46041870117188,16651500
2019-07-16,129.73794555664062,22726100
2019-07-17,128.97129821777344,20211000
2019-07-18,129.11322021484375,30381800
2019-07-19,129.3025360107422,48992400
2019-07-22,131.01559448242188,25074900
2019-07-23,131.82952880859375,18034600
2019-07-24,133.18296813964844,20738300
2019-07-25,132.68133544921875,18356900
2019-07-26,133.76974487304688,19037600
2019-07-29,133.47634887695312,16605900
2019-07-30,132.83277893066406,16846500
2019-07-31,128.97129821777344,38598800
2019-08-01,130.66542053222656,40557500
2019-08-02,129.56756591796875,30791600
2019-08-05,125.12877655029295,42749600
2019-08-06,127.47594451904295,32696700
2019-08-07,128.03433227539062,33414500
2019-08-08,131.45095825195312,27496500
2019-08-09,130.33416748046875,23466700
2019-08-12,128.51699829101562,20484300
2019-08-13,131.17648315429688,25154600
2019-08-14,127.2261962890625,32527300
2019-08-15,126.94129180908205,28074400
2019-08-16,129.26783752441406,24449100
2019-08-19,131.4329071044922,24355700
2019-08-20,130.3408660888672,21170800
2019-08-21,131.7937469482422,14970300
2019-08-22,130.83465576171875,18697000
2019-08-23,126.66594696044922,38508600
2019-08-26,128.62210083007812,20312600
2019-08-27,128.89747619628906,23102100
2019-08-28,128.72653198242188,17393300
2019-08-29,131.15750122070312,20168700
2019-08-30,130.91061401367188,23940100
2019-09-03,129.18235778808594,18869300
2019-09-04,130.69224548339844,17995900
2019-09-05,132.99026489257812,26101800
2019-09-06,132.088134765625,20824500
2019-09-09,130.58773803710938,25773900
2019-09-10,129.22032165527344,28903400
2019-09-11,129.25828552246094,24726100
2019-09-12,130.58773803710938,27010000
2019-09-13,130.39788818359375,23363100
2019-09-16,129.45774841308594,16731400
2019-09-17,130.46434020996094,17814200
2019-09-18,131.537353515625,23982100
2019-09-19,133.9588165283203,35772100
2019-09-20,132.41094970703125,39167300
2019-09-23,132.12611389160156,17139300
2019-09-24,130.45480346679688,29773200
2019-09-25,132.3350067138672,21382000
2019-09-26,132.5059356689453,17456600
2019-09-27,130.78717041015625,22477700
2019-09-30,132.02166748046875,17280900
2019-10-01,130.16043090820312,21466600
2019-10-02,127.86241149902344,30521700
2019-10-03,129.41024780273438,24132900
2019-10-04,131.15750122070312,22897700
2019-10-07,130.20790100097656,15303700
2019-10-08,128.8309783935547,25550500
2019-10-09,131.2714385986328,19749900
2019-10-10,132.088134765625,17654600
2019-10-11,132.63882446289062,25446000
2019-10-14,132.5154266357422,13304300
2019-10-15,134.43362426757812,19695700
2019-10-16,133.33209228515625,20751600
2019-10-17,132.6483612060547,21460600
2019-10-18,130.48330688476562,32273500
2019-10-21,131.45184326171875,20078200
2019-10-22,129.49571228027344,27431000
2019-10-23,130.3218536376953,29844600
2019-10-24,132.88572692871094,37029300
2019-10-25,133.63592529296875,25959700
2019-10-28,136.92147827148438,35280100
2019-10-29,135.630126953125,20589500
2019-10-30,137.32032775878906,18496600
2019-10-31,136.14285278320312,24605100
2019-11-01,136.4752197265625,33128400
2019-11-04,137.26339721679688,16912000
2019-11-05,137.1779022216797,18250200
2019-11-06,136.7980499267578,16575800
2019-11-07,136.9879913330078,17786700
2019-11-08,138.602294921875,16732700
2019-11-11,138.74468994140625,14362600
2019-11-12,139.65634155273438,18641600
2019-11-13,139.88421630859375,16919200
2019-11-14,140.59645080566406,19729800
2019-11-15,142.41017150878906,23485700
2019-11-18,142.76148986816406,21534000
2019-11-19,142.8090057373047,23935700
2019-11-20,142.5612335205078,25696800
2019-11-21,142.42787170410156,18576100
2019-11-22,142.5326690673828,15901800
2019-11-25,144.0952911376953,22420900
2019-11-26,144.85757446289062,24620100
2019-11-27,145.1338653564453,15184400
2019-11-29,144.2382354736328,11977300
2019-12-02,142.4945831298828,27418400
2019-12-03,142.26585388183594,24066000
2019-12-04,142.78038024902344,17574700
2019-12-05,142.85665893554688,17869100
2019-12-06,144.5907440185547,16403500
2019-12-09,144.2191619873047,16687400
2019-12-10,144.0000457763672,16476100
2019-12-11,144.5430908203125,18856600
2019-12-12,146.01043701171875,24612100
2019-12-13,147.23965454101562,23845400
2019-12-16,148.1924285888672,24144200
2019-12-17,147.39210510253906,25425600
2019-12-18,147.087158203125,24129200
2019-12-19,148.36395263671875,24958900
2019-12-20,149.98374938964844,53477500
2019-12-23,149.98374938964844,17718200
2019-12-24,149.95516967773438,8989200
2019-12-26,151.184326171875,14520600
2019-12-27,151.46060180664062,18412800
2019-12-30,150.15525817871094,16348400
2019-12-31,150.2600555419922,18369400
2020-01-02,153.04226684570312,22622100
2020-01-03,151.1366424560547,21116200
2020-01-06,151.52732849121094,20813700
2020-01-07,150.1457061767578,21634100
2020-01-08,152.5373077392578,27746500
2020-01-09,154.44290161132812,21385000
2020-01-10,153.72830200195312,20725900
2020-01-13,155.57679748535156,21626500
2020-01-14,154.48106384277344,23477400
2020-01-15,155.48150634765625,21417900
2020-01-16,158.33045959472656,23865400
2020-01-17,159.21661376953125,34371700
2020-01-21,158.64488220214844,29517200
2020-01-22,157.88262939453125,24138800
2020-01-23,158.8545379638672,19680800
2020-01-24,157.25379943847656,24918100
2020-01-27,154.62399291992188,32078100
2020-01-28,157.65399169921875,24899900
2020-01-29,160.11224365234375,34754500
2020-01-30,164.62863159179688,51597500
2020-01-31,162.1989288330078,36142700
2020-02-03,166.1531219482422,30107000
2020-02-04,171.62234497070312,36433300
2020-02-05,171.41268920898438,39186300
2020-02-06,174.96673583984375,27751400
2020-02-07,175.21446228027344,33529100
2020-02-10,179.79754638671875,35844300
2020-02-11,175.73851013183594,53159900
2020-02-12,175.9957733154297,47062900
2020-02-13,175.04298400878906,35295800
2020-02-14,176.60556030273438,23149500
2020-02-18,178.3968963623047,27792200
2020-02-19,178.9319610595703,29997500
2020-02-20,176.19940185546875,36862400
2020-02-21,170.62930297851562,48572600
2020-02-24,163.2725067138672,68311100
2020-02-25,160.57823181152344,68073300
2020-02-26,162.58457946777344,56206100
2020-02-27,151.12904357910156,93174900
2020-02-28,154.78836059570312,97012700
2020-03-02,165.08787536621094,71030800
2020-03-03,157.17689514160156,71677000
2020-03-04,162.9476776123047,49814400
2020-03-05,158.8584747314453,47817300
2020-03-06,154.3679656982422,72821100
2020-03-09,143.90602111816406,70419300
2020-03-10,153.7469482421875,65354400
2020-03-11,146.7819061279297,56371600
2020-03-12,132.86135864257812,93226400
2020-03-13,151.7501220703125,92727400
2020-03-16,129.38360595703125,87905900
2020-03-17,140.03662109375,81059800
2020-03-18,134.1416015625,81593200
2020-03-19,136.3486785888672,85922700
2020-03-20,131.2275848388672,84866200
2020-03-23,129.91867065429688,78975200
2020-03-24,141.72767639160156,82516700
2020-03-25,140.37098693847656,75638200
2020-03-26,149.15135192871094,64568100
2020-03-27,143.02703857421875,57042300
2020-03-30,153.0876922607422,63420300
2020-03-31,150.68002319335938,77927200
2020-04-01,145.32965087890625,57969900
2020-04-02,148.33921813964844,49630700
2020-04-03,146.97299194335938,41243300
2020-04-06,157.9030303955078,67111700
2020-04-07,156.20237731933594,62769000
2020-04-08,157.76927185058594,48318200
2020-04-09,157.77882385253906,51385100
2020-04-13,158.13233947753906,41905300
2020-04-14,165.95724487304688,52874300
2020-04-15,164.2184295654297,40940800
2020-04-16,169.14834594726562,50479600
2020-04-17,170.6388702392578,52765600
2020-04-20,167.25665283203125,36669600
2020-04-21,160.33937072753906,56203700
2020-04-22,165.7853240966797,34620200
2020-04-23,163.7788848876953,32790800
2020-04-24,166.76934814453125,34277600
2020-04-27,166.2917022705078,33194400
2020-04-28,162.24066162109375,34392700
2020-04-29,169.52101135253906,51286600
2020-04-30,171.22166442871094,53875900
2020-05-01,166.78851318359375,39370500
2020-05-04,170.8681182861328,30372900
2020-05-05,172.70254516601562,36839200
2020-05-06,174.4031982421875,32139300
2020-05-07,175.4159698486328,28316000
2020-05-08,176.4478302001953,30877800
2020-05-11,178.41600036621094,30892700
2020-05-12,174.37454223632812,32038200
2020-05-13,171.7375946044922,44711500
2020-05-14,172.4828338623047,41873900
2020-05-15,174.99557495117188,46610400
2020-05-18,176.6675567626953,35264500
2020-05-19,175.44461059570312,26799100
2020-05-20,177.878173828125,31261300
2020-05-21,175.7416534423828,29119500
2020-05-22,175.8182830810547,20826900
2020-05-26,173.95960998535156,36073600
2020-05-27,174.18951416015625,39517100
2020-05-28,173.7967071533203,33810200
2020-05-29,175.56918334960938,42130400
2020-06-01,175.16676330566406,22622400
2020-06-02,177.1595916748047,30794600
2020-06-03,177.59072875976562,27311000
2020-06-04,175.2530517578125,28761800
2020-06-05,179.35360717773438,39893600
2020-06-08,180.46499633789065,33211600
2020-06-09,181.8446350097656,29783900
2020-06-10,188.58953857421875,43872300
2020-06-11,178.46263122558594,52854700
2020-06-12,179.87098693847656,43373600
2020-06-15,181.0207061767578,32770200
2020-06-16,185.4566345214844,42556700
2020-06-17,186.0985565185547,25687800
2020-06-18,188.0914001464844,23061600
2020-06-19,186.97039794921875,44441100
2020-06-22,192.16323852539065,32818900
2020-06-23,193.44711303710935,30917400
2020-06-24,189.54763793945312,36740600
2020-06-25,191.94290161132812,27803900
2020-06-26,188.10096740722656,54675800
2020-06-29,190.12254333496097,26701600
2020-06-30,194.97999572753903,34310300
2020-07-01,196.12014770507812,32061200
2020-07-02,197.61477661132812,29315800
2020-07-06,201.86865234375,31897600
2020-07-07,199.52137756347656,33600700
2020-07-08,203.90936279296875,33600000
2020-07-09,205.33689880371097,33121700
2020-07-10,204.7141571044922,26177600
2020-07-13,198.3907928466797,38135600
2020-07-14,199.6171417236328,37591800
2020-07-15,199.32012939453125,32179400
2020-07-16,195.372802734375,29940700
2020-07-17,194.37644958496097,31635300
2020-07-20,202.73095703125,36884800
2020-07-21,200.00033569335935,37990400
2020-07-22,202.87461853027344,49605700
2020-07-23,194.05067443847656,67457000
2020-07-24,192.8626708984375,39827000
2020-07-27,195.30572509765625,30160900
2020-07-28,193.5524749755859,23251400
2020-07-29,195.5069580078125,19632600
2020-07-30,195.35365295410156,25079600
2020-07-31,196.4171600341797,51044000
2020-08-03,207.46388244628903,78983000
2020-08-04,204.35006713867188,49280100
2020-08-05,204.01475524902344,28806400
2020-08-06,207.2818145751953,32656800
2020-08-07,203.57400512695312,27820400
2020-08-10,199.52137756347656,36716500
2020-08-11,194.85548400878903,36446500
2020-08-12,200.4219207763672,28013100
2020-08-13,199.9524688720703,22588900
2020-08-14,200.14410400390625,17958900
2020-08-17,201.46624755859375,20184800
2020-08-18,202.6255340576172,21336200
2020-08-19,201.39620971679688,27627600
2020-08-20,206.0829620361328,26981500
2020-08-21,204.5847625732422,36249300
2020-08-24,205.2282257080078,25460100
2020-08-25,207.8981170654297,23043700
2020-08-26,212.3928070068359,39600800
2020-08-27,217.6078186035156,57602200
2020-08-28,219.84555053710935,26292900
2020-08-31,216.5993804931641,28774200
2020-09-01,218.27049255371097,25725500
2020-09-02,222.47702026367188,34080800
2020-09-03,208.69525146484375,58400300
2020-09-04,205.7660675048828,59664100
2020-09-08,194.63497924804688,52924300
2020-09-09,202.92323303222656,45679000
2020-09-10,197.23764038085935,35461500
2020-09-11,195.95074462890625,33620100
2020-09-14,197.2761077880859,30375800
2020-09-15,200.51268005371097,21823900
2020-09-16,196.93035888671875,26328100
2020-09-17,194.8750915527344,34011300
2020-09-18,192.4548797607422,55225300
2020-09-21,194.5197601318359,39839700
2020-09-22,199.20652770996097,33517100
2020-09-23,192.64694213867188,30803800
2020-09-24,195.14401245117188,31202500
2020-09-25,199.59066772460935,29437300
2020-09-28,201.14654541015625,32004900
2020-09-29,199.0528564453125,24221900
2020-09-30,202.0012664794922,33829100
2020-10-01,204.0469665527344,27158400
2020-10-02,198.0252227783203,33154800
2020-10-05,202.04933166503903,21331600
2020-10-06,197.7563018798828,28554300
2020-10-07,201.5210876464844,25681100
2020-10-08,202.24139404296875,19925800
2020-10-09,207.2642822265625,26458000
2020-10-12,212.6329345703125,40461400
2020-10-13,214.03515625,28950800
2020-10-14,212.11428833007812,23421700
2020-10-15,210.9618225097656,22733100
2020-10-16,210.9618225097656,26057900
2020-10-19,205.7372283935547,27625800
2020-10-20,206.15023803710935,22753500
2020-10-21,206.29428100585935,22724900
2020-10-22,206.3806915283203,22351500
2020-10-23,207.6676483154297,18879600
2020-10-26,201.7611846923828,37111600
2020-10-27,204.80563354492188,36700300
2020-10-28,194.65423583984375,51195600
2020-10-29,196.6134490966797,31432600
2020-10-30,194.4525146484375,36953700
2020-11-02,194.31805419921875,30842200
2020-11-03,198.2557373046875,27512000
2020-11-04,207.8212890625,42311800
2020-11-05,214.4480743408203,36080100
2020-11-06,214.8610687255859,25231900
2020-11-09,209.7421112060547,44395000
2020-11-10,202.65431213378903,44045100
2020-11-11,207.9750213623047,29440800
2020-11-12,206.9089508056641,21593900
2020-11-13,207.93655395507812,18621100
2020-11-16,208.62806701660156,24953300
2020-11-17,205.9677276611328,24154100
2020-11-18,203.25233459472656,28372800
2020-11-19,204.54261779785156,24792700
2020-11-20,202.587890625,22843100
2020-11-23,202.3182830810547,25683500
2020-11-24,205.9292449951172,33979700
2020-11-25,205.93881225585935,21012900
2020-11-27,207.2484130859375,14512200
2020-11-30,206.13145446777344,33064800
2020-12-01,208.19204711914065,30904500
2020-12-02,207.38323974609375,23724500
2020-12-03,206.29513549804688,25120900
2020-12-04,206.4106903076172,24666000
2020-12-07,206.34326171875,24620000
2020-12-08,207.99949645996097,23284100
2020-12-09,203.94558715820312,32440600
2020-12-10,202.71310424804688,26733300
2020-12-11,205.35145568847656,30979400
2020-12-14,206.2566070556641,28798400
2020-12-15,206.189208984375,27000600
2020-12-16,211.1481781005859,35023300
2020-12-17,211.28302001953125,32515800
2020-12-18,210.4838104248047,63354900
2020-12-21,214.3354949951172,37181900
2020-12-22,215.6354217529297,22612200
2020-12-23,212.8236846923828,18699600
2020-12-24,214.48953247070312,10550600
2020-12-28,216.6175994873047,17933500
2020-12-29,215.83761596679688,17403200
2020-12-30,213.4591827392578,20272300
2020-12-31,214.1717987060547,20942100
2021-01-04,209.61717224121097,37130100
2021-01-05,209.81939697265625,23823000
2021-01-06,204.37893676757812,35930700
2021-01-07,210.1949157714844,27694500
2021-01-08,211.47561645507812,22956200
2021-01-11,209.42462158203125,23031300
2021-01-12,206.95953369140625,23249300
2021-01-13,208.3172607421875,20087100
2021-01-14,205.1203765869141,29480800
2021-01-15,204.7640838623047,31746500
2021-01-19,208.41358947753903,30480900
2021-01-20,216.0205841064453,37777300
2021-01-21,216.62722778320312,30709400
2021-01-22,217.5708465576172,30172700
2021-01-25,221.01809692382812,33152100
2021-01-26,223.7142639160156,49169600
2021-01-27,224.2631378173828,69870600
2021-01-28,230.0695343017578,49111200
2021-01-29,223.3580017089844,42503100
2021-02-01,230.7627868652344,33314200
2021-02-02,230.62799072265625,25916300
2021-02-03,233.9885711669922,27158100
2021-02-04,233.0352783203125,25296100
2021-02-05,233.21826171875,18054800
2021-02-08,233.4782257080078,22211900
2021-02-09,234.7300262451172,23565000
2021-02-10,233.8152618408203,22186700
2021-02-11,235.42333984375,15751100
2021-02-12,235.90476989746097,16561100
2021-02-16,234.66261291503903,26728500
2021-02-17,235.68568420410156,21653500
2021-02-18,235.2899627685547,16925600
2021-02-19,232.5682830810547,25262600
2021-02-22,226.33351135253903,36446900
2021-02-23,225.1367645263672,30228700
2021-02-24,226.3721160888672,26339700
2021-02-25,221.00601196289065,39542200
2021-02-26,224.2777862548828,37819200
2021-03-01,228.6787567138672,25324000
2021-03-02,225.7158203125,22812500
2021-03-03,219.62582397460935,34029500
2021-03-04,218.82476806640625,44727800
2021-03-05,223.5249938964844,41872800
2021-03-08,219.46176147460935,35267400
2021-03-09,225.6289978027344,33080500
2021-03-10,224.31637573242188,29746800
2021-03-11,228.86219787597656,29907600
2021-03-12,227.53028869628903,22653700
2021-03-15,226.6230926513672,26034900
2021-03-16,229.42193603515625,28092200
2021-03-17,228.77528381347656,29562100
2021-03-18,222.67564392089844,34833000
2021-03-19,222.318603515625,46430700
2021-03-22,227.7619171142578,30127000
2021-03-23,229.2964630126953,31638400
2021-03-24,227.2504119873047,25620100
2021-03-25,224.2391815185547,34061900
2021-03-26,228.2348175048828,25479900
2021-03-29,227.03810119628903,25227500
2021-03-30,223.76625061035156,24792000
2021-03-31,227.54959106445312,43623500
2021-04-01,233.90017700195312,30338000
2021-04-05,240.3858642578125,36910600
2021-04-06,239.21807861328125,22931900
2021-04-07,241.1869201660156,22719800
2021-04-08,244.420166015625,23625200
2021-04-09,246.9294891357422,24326800
2021-04-12,246.9873809814453,27148700
2021-04-13,249.47743225097656,23837500
2021-04-14,246.67855834960935,23070900
2021-04-15,250.45225524902344,25627500
2021-04-16,251.64894104003903,24878600
2021-04-19,249.7187042236328,23209300
2021-04-20,249.2554626464844,19722900
2021-04-21,251.49456787109375,24030400
2021-04-22,248.2034912109375,25606200
2021-04-23,252.04464721679688,21462600
2021-04-26,252.4307403564453,19763300
2021-04-27,252.83607482910156,31014200
2021-04-28,245.68443298339844,46903100
2021-04-29,243.70594787597656,40589000
2021-04-30,243.3874359130859,30945100
2021-05-03,243.07859802246097,19626600
2021-05-04,239.15054321289065,32756100
2021-05-05,237.87652587890625,21901300
2021-05-06,241.02284240722656,26491100
2021-05-07,243.65769958496097,27032900
2021-05-10,238.561767578125,29299900
2021-05-11,237.64488220214844,33641600
2021-05-12,230.66696166992188,36684400
2021-05-13,234.5564727783203,29624300
2021-05-14,239.4979705810547,23901100
2021-05-17,236.63148498535156,24970200
2021-05-18,234.60470581054688,20168000
2021-05-19,235.1851348876953,25739800
2021-05-20,238.4354705810547,21800700
2021-05-21,237.1682281494141,21863100
2021-05-24,242.5951232910156,21411500
2021-05-25,243.50445556640625,17704300
2021-05-26,243.281982421875,17771600
2021-05-27,241.173095703125,24426200
2021-05-28,241.5310516357422,18270200
2021-06-01,239.3254547119141,23213300
2021-06-02,239.2287139892578,19406700
2021-06-03,237.6905975341797,25307700
2021-06-04,242.6047821044922,25281100
2021-06-07,245.52626037597656,23079200
2021-06-08,244.3267059326172,22455000
2021-06-09,245.31346130371097,17937600
2021-06-10,248.84429931640625,24563600
2021-06-11,249.47311401367188,18999700
2021-06-14,251.4078369140625,19150500
2021-06-15,249.92771911621097,18038900
2021-06-16,248.97970581054688,27220000
2021-06-17,252.38487243652344,27565500
2021-06-18,250.9627990722656,37202200
2021-06-21,254.0583648681641,26696100
2021-06-22,256.84442138671875,24694100
2021-06-23,256.6122131347656,19518700
2021-06-24,257.98583984375,21446900
2021-06-25,256.3703918457031,25611100
2021-06-28,259.9495849609375,19590000
2021-06-29,262.5421447753906,19937800
2021-06-30,262.0584411621094,21656500
2021-07-01,262.735595703125,16725300
2021-07-02,268.58819580078125,26458000
2021-07-06,268.5978088378906,31565600
2021-07-07,270.793701171875,23260000
2021-07-08,268.3656921386719,24618600
2021-07-09,268.8686828613281,23916700
2021-07-12,268.2689208984375,18931700
2021-07-13,271.80950927734375,26120100
2021-07-14,273.2895812988281,23113700
2021-07-15,271.85784912109375,22604200
2021-07-16,271.5869445800781,26186800
2021-07-19,267.968994140625,32935600
2021-07-20,270.2037048339844,26259700
2021-07-21,272.2157897949219,24364300
2021-07-22,276.80108642578125,23384100
2021-07-23,280.2159118652344,22768100
2021-07-26,279.6160888671875,23176100
2021-07-27,277.1879577636719,33604100
2021-07-28,276.87847900390625,33566900
2021-07-29,277.14935302734375,18168300
2021-07-30,275.6112365722656,20944800
2021-08-02,275.5241394042969,16267400
2021-08-03,277.74908447265625,17879000
2021-08-04,277.1589660644531,16191300
2021-08-05,280.0707702636719,13900200
2021-08-06,280.0126647949219,16589300
2021-08-09,278.91961669921875,16117600
2021-08-10,277.09130859375,18616600
2021-08-11,277.58465576171875,13955900
2021-08-12,280.3513488769531,14561300
2021-08-13,283.2921142578125,18249000
2021-08-16,284.9849548339844,22507600
2021-08-17,283.5145263671875,20075300
2021-08-18,281.7796630859375,21813000
2021-08-19,287.6336669921875,29850500
2021-08-20,294.989990234375,40817600
2021-08-23,295.2711181640625,22830200
2021-08-24,293.3035888671875,18175800
2021-08-25,292.71246337890625,20006100
2021-08-26,289.88226318359375,17666100
2021-08-27,290.492919921875,22605700
2021-08-30,294.2437438964844,16348100
2021-08-31,292.5863952636719,26285300
2021-09-01,292.537841796875,18983800
2021-09-02,291.87890625,16285600
2021-09-03,291.8692321777344,14747900
2021-09-07,290.9387512207031,17180400
2021-09-08,290.9678039550781,15046800
2021-09-09,288.09893798828125,19927000
2021-09-10,286.6064147949219,19633400
2021-09-13,287.8468933105469,23652900
2021-09-14,290.56072998046875,21853400
2021-09-15,295.4359130859375,28356300
2021-09-16,295.8236389160156,19550800
2021-09-17,290.6383056640625,41372500
2021-09-20,285.23974609375,38278700
2021-09-21,285.72430419921875,22364100
2021-09-22,289.38800048828125,26626300
2021-09-23,290.3378601074219,18604600
2021-09-24,290.13433837890625,14999000
2021-09-27,285.11376953125,23571700
2021-09-28,274.7916564941406,43186200
2021-09-29,275.2568664550781,26353700
2021-09-30,273.240966796875,32343600
2021-10-01,280.19989013671875,30086300
2021-10-04,274.3941955566406,31350700
2021-10-05,279.87030029296875,24993000
2021-10-06,284.0863952636719,28002600
2021-10-07,285.7728271484375,20430500
2021-10-08,285.7728271484375,17685700
2021-10-11,285.1719970703125,19298600
2021-10-12,283.8634948730469,17974100
2021-10-13,287.1878967285156,23416300
2021-10-14,293.42962646484375,27262900
2021-10-15,294.8446960449219,25384800
2021-10-18,297.82989501953125,22729300
2021-10-19,298.7408752441406,17682100
2021-10-20,297.94622802734375,16537100
2021-10-21,301.19305419921875,16918100
2021-10-22,299.64227294921875,17449300
2021-10-25,298.64398193359375,17554500
2021-10-26,300.5630187988281,28107300
2021-10-27,313.22100830078125,52588700
2021-10-28,314.3646545410156,26297900
2021-10-29,321.41082763671875,34766000
2021-11-01,319.2301025390625,27073200
2021-11-02,322.8743591308594,26487100
2021-11-03,323.71759033203125,21500100
2021-11-04,326.0824890136719,23992200
2021-11-05,325.71417236328125,22570100
2021-11-08,326.6155090332031,20897000
2021-11-09,325.60748291015625,21307400
2021-11-10,320.6160888671875,25500900
2021-11-11,322.1959228515625,16849800
2021-11-12,326.3538513183594,23831000
2021-11-15,325.7237854003906,16723000
2021-11-16,329.0580139160156,20886800
2021-11-17,329.2812805175781,19053400
2021-11-18,331.3688659667969,22463500
2021-11-19,333.1554870605469,21963400
2021-11-22,329.9706115722656,31031100
2021-11-23,327.8830261230469,30427600
2021-11-24,328.10638427734375,21661300
2021-11-26,320.11517333984375,24217200
2021-11-29,326.86346435546875,28563500
2021-11-30,320.99871826171875,42885600
2021-12-01,320.5035705566406,33337600
2021-12-02,319.9306945800781,30766000
2021-12-03,313.6387023925781,41779300
2021-12-06,316.7264099121094,30032600
2021-12-07,325.2031555175781,31021900
2021-12-08,325.251708984375,24761000
2021-12-09,323.4359130859375,22214200
2021-12-10,332.60211181640625,38095700
2021-12-13,329.5531311035156,28899400
2021-12-14,318.8139953613281,44438700
2021-12-15,324.94091796875,35381100
2021-12-16,315.4738464355469,35034800
2021-12-17,314.4057312011719,47750300
2021-12-20,310.62860107421875,28326500
2021-12-21,317.7945251464844,24740600
2021-12-22,323.53302001953125,24831500
2021-12-23,324.9797668457031,19617800
2021-12-27,332.51470947265625,19947000
2021-12-28,331.3494567871094,15661500
2021-12-29,332.0291748046875,15042000
2021-12-30,329.47540283203125,15994500
2021-12-31,326.5625,18000800
2022-01-03,325.0380554199219,28865100
2022-01-04,319.4646301269531,32674300
2022-01-05,307.2010498046875,40054300
2022-01-06,304.7735595703125,39646100
2022-01-07,304.9288635253906,32720000
2022-01-10,305.1522216796875,44289500
2022-01-11,305.8416442871094,29386800
2022-01-12,309.03619384765625,34372200
2022-01-13,295.9569396972656,45366000
2022-01-14,301.20037841796875,39846400
2022-01-18,293.8693542480469,42333200
2022-01-19,294.52960205078125,45933900
2022-01-20,292.849853515625,35380700
2022-01-21,287.44140625,57984400
2022-01-24,287.771484375,85731500
2022-01-25,280.12017822265625,72848600
2022-01-26,288.1016540527344,90428900
2022-01-27,291.1408996582031,53481300
2022-01-28,299.3166809082031,49743700
2022-01-31,301.9577331542969,46444500
2022-02-01,299.80206298828125,40950400
2022-02-02,304.3658142089844,36636000
2022-02-03,292.5099792480469,43730000
2022-02-04,297.06396484375,35096500
2022-02-07,292.21875,28533300
2022-02-08,295.7239685058594,32421200
2022-02-09,302.1809997558594,31284700
2022-02-10,293.60723876953125,45386200
2022-02-11,286.4801330566406,39175600
2022-02-14,286.4413146972656,36359500
2022-02-15,291.75262451171875,27058300
2022-02-16,291.412109375,29982100
2022-02-17,282.8789367675781,32461600
2022-02-18,280.1545104980469,34264000
2022-02-22,279.9501953125,41736100
2022-02-23,272.7013854980469,37811200
2022-02-24,286.6346435546875,56989700
2022-02-25,289.2811584472656,32546700
2022-02-28,290.7212829589844,34627500
2022-03-01,286.98492431640625,31217800
2022-03-02,292.08349609375,31873000
2022-03-03,287.9287414550781,27314500
2022-03-04,282.0323791503906,32356500
2022-03-07,271.3781433105469,43157200
2022-03-08,268.4007263183594,48159500
2022-03-09,280.7091369628906,35204500
2022-03-10,277.877685546875,30628000
2022-03-11,272.5068359375,27209300
2022-03-14,268.9747619628906,30660700
2022-03-15,279.3956298828125,34245100
2022-03-16,286.4400634765625,37826300
2022-03-17,287.2476501464844,30816600
2022-03-18,292.31695556640625,43390600
2022-03-21,291.0812683105469,28351200
2022-03-22,295.8489074707031,27599700
2022-03-23,291.4022521972656,25715400
2022-03-24,295.88787841796875,24484500
2022-03-25,295.47918701171875,22566500
2022-03-28,302.3095703125,29578200
2022-03-29,306.8924560546875,30393400
2022-03-30,305.38427734375,28163600
2022-03-31,299.984130859375,33422100
2022-04-01,301.064208984375,27110500
2022-04-04,306.46429443359375,24289600
2022-04-05,302.4847412109375,23156700
2022-04-06,291.412109375,40110400
2022-04-07,293.2315673828125,31411200
2022-04-08,288.95037841796875,24361900
2022-04-11,277.5566101074219,34569300
2022-04-12,274.4429931640625,30966700
2022-04-13,279.85284423828125,21907200
2022-04-14,272.273193359375,28221600
2022-04-18,272.944580078125,20778000
2022-04-19,277.5955810546875,22297700
2022-04-20,278.6268310546875,22906700
2022-04-21,273.2267150878906,29454600
2022-04-22,266.6298828125,29405800
2022-04-25,273.13922119140625,35678900
2022-04-26,262.92279052734375,46518400
2022-04-27,275.5717468261719,63477700
2022-04-28,281.80859375,33646600
2022-04-29,270.02557373046875,37073900
2022-05-02,276.7879333496094,35151100
2022-05-03,274.1705627441406,25978600
2022-05-04,282.149169921875,33599300
2022-05-05,269.8602294921875,43260400
2022-05-06,267.3109436035156,37780300
2022-05-09,257.43505859375,47726000
2022-05-10,262.2221984863281,39336400
2022-05-11,253.513916015625,48975900
2022-05-12,248.45431518554688,51033800
2022-05-13,254.0685272216797,34925100
2022-05-16,254.4382476806641,32550900
2022-05-17,259.61456298828125,28828800
2022-05-18,247.79440307617188,31356000
2022-05-19,246.8776702880859,32692300
2022-05-20,246.31201171875,39199300
2022-05-23,254.201904296875,33175400
2022-05-24,253.1973114013672,29043900
2022-05-25,256.025634765625,28547900
2022-05-26,259.322021484375,25002100
2022-05-27,266.4803771972656,26910800
2022-05-31,265.144287109375,37827700
2022-06-01,265.6806945800781,25292200
2022-06-02,267.78729248046875,44008200
2022-06-03,263.340087890625,28059000
2022-06-06,262.1014709472656,22400300
2022-06-07,265.7586975097656,22860700
2022-06-08,263.7204895019531,17372300
2022-06-09,258.23944091796875,26439700
2022-06-10,246.73138427734375,31422800
2022-06-13,236.2668304443359,46135800
2022-06-14,238.44168090820312,28651500
2022-06-15,245.5318145751953,33111700
2022-06-16,238.90977478027344,33169200
2022-06-17,241.5234832763672,43084800
2022-06-21,247.4628143310547,29928300
2022-06-22,246.86788940429688,25939900
2022-06-23,252.45616149902344,25861400
2022-06-24,261.0775146484375,33923200
2022-06-27,258.3370666503906,24615100
2022-06-28,250.13507080078125,27295500
2022-06-29,253.8215484619141,20069800
2022-06-30,250.47640991210935,31730900
2022-07-01,253.15838623046875,22837700
2022-07-05,256.34747314453125,22941000
2022-07-06,259.62432861328125,23824400
2022-07-07,261.7601318359375,20859900
2022-07-08,261.0384826660156,19658800
2022-07-11,257.96636962890625,19455200
2022-07-12,247.39456176757812,35868500
2022-07-13,246.46807861328125,29497400
2022-07-14,247.79440307617188,25102800
2022-07-15,250.3690948486328,29774100
2022-07-18,247.9602203369141,20975000
2022-07-19,253.10964965820312,25012600
2022-07-20,255.7817840576172,22788300
2022-07-21,258.2882385253906,22404700
2022-07-22,253.9190368652344,21881300
2022-07-25,252.42689514160156,21056000
2022-07-26,245.6683654785156,39348000
2022-07-27,262.0917053222656,45994000
2022-07-28,269.5719909667969,33459300
2022-07-29,273.79486083984375,32152800
2022-08-01,271.1324768066406,21539600
2022-08-02,268.0213928222656,22754200
2022-08-03,275.4820861816406,23518900
2022-08-04,276.6329650878906,18098700
2022-08-05,275.9112243652344,16774600
2022-08-08,273.3852844238281,18739200
2022-08-09,275.3162536621094,23405200
2022-08-10,282.0065612792969,24687800
2022-08-11,279.9195251464844,20065900
2022-08-12,284.6885986328125,22619700
2022-08-15,286.2099914550781,18085700
2022-08-16,285.46875,18102900
2022-08-17,284.7162170410156,18253400
2022-08-18,283.5922546386719,17186200
2022-08-19,279.66339111328125,20570000
2022-08-22,271.4538269042969,25061100
2022-08-23,270.1735534667969,17527400
2022-08-24,269.53826904296875,18137000
2022-08-25,272.5289001464844,16583400
2022-08-26,262.0128479003906,27549300
2022-08-29,259.2176513671875,20338500
2022-08-30,257.00885009765625,22767100
2022-08-31,255.5428466796875,24791800
2022-09-01,254.4971160888672,23263400
2022-09-02,250.25552368164065,22855400
2022-09-06,247.5092010498047,21328200
2022-09-07,252.23947143554688,24126700
2022-09-08,252.6597595214844,20319900
2022-09-09,258.4650573730469,22084700
2022-09-12,260.6054382324219,18747700
2022-09-13,246.27777099609375,33353300
2022-09-14,246.50254821777344,23913000
2022-09-15,239.81759643554688,31530900
2022-09-16,239.192138671875,39791800
2022-09-19,238.9771423339844,26826900
2022-09-20,236.95399475097656,26660300
2022-09-21,233.5333709716797,28625600
2022-09-22,235.5173492431641,31061200
2022-09-23,232.52671813964844,34176000
2022-09-26,232.06735229492188,27694200
2022-09-27,231.05091857910156,27018700
2022-09-28,235.6053009033203,29029700
2022-09-29,232.1162567138672,27484200
2022-09-30,227.62049865722656,35694800
2022-10-03,235.2828063964844,28880400
2022-10-04,243.23828125,34888400
2022-10-05,243.55099487304688,20347100
2022-10-06,241.19561767578125,20239900
2022-10-07,228.9301300048828,37769600
2022-10-10,224.05323791503903,29743600
2022-10-11,220.30030822753903,30474000
2022-10-12,220.6325836181641,21903900
2022-10-13,228.9301300048828,42551800
2022-10-14,223.37889099121097,30198600
2022-10-17,232.1455535888672,28142300
2022-10-18,233.09353637695312,26329600
2022-10-19,231.1193389892578,19985700
2022-10-20,230.79681396484375,21811000
2022-10-21,236.63148498535156,26299700
2022-10-24,241.64520263671875,24911200
2022-10-25,244.97792053222656,34775500
2022-10-26,226.07630920410156,82543200
2022-10-27,221.6099395751953,40424600
2022-10-28,230.523193359375,40647700
2022-10-31,226.86795043945312,28357300
2022-11-01,222.99769592285156,30592300
2022-11-02,215.11070251464844,38407000
2022-11-03,209.39328002929688,36633900
2022-11-04,216.3714141845703,36789100
2022-11-07,222.70452880859375,33498000
2022-11-08,223.6818389892578,28192500
2022-11-09,219.42068481445312,27852900
2022-11-10,237.47201538085935,46268000
2022-11-11,241.5083770751953,34620200
2022-11-14,236.0744171142578,31123300
2022-11-15,236.4849395751953,31390100
2022-11-16,236.91615295410156,24093300
2022-11-17,236.8671112060547,23123500
2022-11-18,236.41629028320312,27613500
2022-11-21,237.2297821044922,26394700
2022-11-22,240.15042114257812,19665700
2022-11-23,242.6496429443359,19508500
2022-11-25,242.5614471435547,9200800
2022-11-28,236.94552612304688,24778200
2022-11-29,235.5440216064453,17956300
2022-11-30,250.05908203125,47594200
2022-12-01,249.61805725097656,26041500
2022-12-02,249.9414825439453,21528500
2022-12-05,245.2174530029297,23435300
2022-12-06,240.23861694335935,22463700
2022-12-07,239.5035400390625,20481500
2022-12-08,242.4732208251953,22611800
2022-12-09,240.53265380859375,20609700
2022-12-12,247.4814453125,30665100
2022-12-13,251.8036346435547,42196900
2022-12-14,252.0977020263672,35410900
2022-12-15,244.05116271972656,35560400
2022-12-16,239.8172149658203,86102000
2022-12-19,235.66162109375,29696400
2022-12-20,236.98475646972656,25150800
2022-12-21,239.56236267089844,23690600
2022-12-22,233.4466552734375,28651700
2022-12-23,233.97586059570312,21207000
2022-12-27,232.2411193847656,16688600
2022-12-28,229.85952758789065,17457100
2022-12-29,236.21047973632812,19770700
2022-12-30,235.0441741943359,21938500
2023-01-03,234.80894470214844,25740000
2023-01-04,224.5376739501953,50623400
2023-01-05,217.8828582763672,39585600
2023-01-06,220.45069885253903,43613600
2023-01-09,222.5970764160156,27369800
2023-01-10,224.29263305664065,27033900
2023-01-11,231.07481384277344,28669300
2023-01-12,233.76023864746097,27269500
2023-01-13,234.4659118652344,21333300
2023-01-17,235.56361389160156,29831300
2023-01-18,231.11404418945312,30028700
2023-01-19,227.311279296875,28623000
2023-01-20,235.4362335205078,35389800
2023-01-23,237.7492218017578,31934000
2023-01-24,237.2199554443359,40234400
2023-01-25,235.8184356689453,66526600
2023-01-26,243.061279296875,33454500
2023-01-27,243.21807861328125,26498900
2023-01-30,237.8766326904297,25867400
2023-01-31,242.87503051757812,26541100
2023-02-01,247.7166748046875,31259900
2023-02-02,259.3307189941406,39940400
2023-02-03,253.2051544189453,29077300
2023-02-06,251.6566162109375,22518000
2023-02-07,262.2317810058594,50841400
2023-02-08,261.4183044433594,54686000
2023-02-09,258.37017822265625,42375100
2023-02-10,257.86053466796875,25818500
2023-02-13,265.9168395996094,44630900
2023-02-14,266.75,37047900
2023-02-15,264.61785888671875,28922400
2023-02-16,257.5729675292969,29603600
2023-02-17,253.55441284179688,30000100
2023-02-21,248.2585296630859,28397400
2023-02-22,247.11880493164065,22491100
2023-02-23,250.3218688964844,29219100
2023-02-24,244.8687744140625,24990900
2023-02-27,245.79237365722656,21190000
2023-02-28,245.06527709960935,22491000
2023-03-01,241.97027587890625,27565300
2023-03-02,246.72576904296875,24808200
2023-03-03,250.8327789306641,30760100
2023-03-06,252.38519287109375,24109800
2023-03-07,249.7126922607422,21473200
2023-03-08,249.27053833007812,17340200
2023-03-09,247.9146423339844,26653400
2023-03-10,244.249755859375,28333900
2023-03-13,249.4866943359375,33339700
2023-03-14,256.2367858886719,33620300
2023-03-15,260.8055114746094,46028000
2023-03-16,271.37774658203125,54768800
2023-03-17,274.5513000488281,69527400
2023-03-20,267.4770202636719,43466600
2023-03-21,268.9999694824219,34558700
2023-03-22,267.53594970703125,34873300
2023-03-23,272.8122253417969,36610900
2023-03-24,275.67144775390625,28172000
2023-03-27,271.5545959472656,26840200
2023-03-28,270.4246520996094,21878600
2023-03-29,275.6124572753906,25087000
2023-03-30,279.0906677246094,25053400
2023-03-31,283.2664794921875,32766000
2023-04-03,282.2151794433594,24883300
2023-04-04,282.1659851074219,25824300
2023-04-05,279.3756103515625,22064800
2023-04-06,286.50885009765625,29770300
2023-04-10,284.33740234375,23103000
2023-04-11,277.8919982910156,27276600
2023-04-12,278.5404357910156,27403400
2023-04-13,284.779541015625,24222700
2023-04-14,281.1441955566406,20987900
2023-04-17,283.7576599121094,23836200
2023-04-18,283.335205078125,20161800
2023-04-19,283.413818359375,17150300
2023-04-20,281.1147155761719,23244400
2023-04-21,280.77081298828125,21676400
2023-04-24,276.8504333496094,26611000
2023-04-25,270.6113586425781,45772200
2023-04-26,290.2130126953125,64599200
2023-04-27,299.5078430175781,46462600
2023-04-28,301.89544677734375,36469600
2023-05-01,300.22515869140625,21294100
2023-05-02,300.07769775390625,26404400
2023-05-03,299.08538818359375,22360800
2023-05-04,300.07769775390625,22519900
2023-05-05,305.22625732421875,28197100
2023-05-08,303.26116943359375,21318600
2023-05-09,301.63995361328125,21340800
2023-05-10,306.8572692871094,30078000
2023-05-11,304.6956481933594,31680200
2023-05-12,303.5755615234375,19774700
2023-05-15,304.0569763183594,16336500
2023-05-16,306.2972106933594,26730300
2023-05-17,309.1921691894531,24315000
2023-05-18,313.6429748535156,27276000
2023-05-19,313.4657287597656,27546700
2023-05-22,316.26226806640625,24115700
2023-05-23,310.4328918457031,30797200
2023-05-24,309.04449462890625,23384900
2023-05-25,320.9296875,43301700
2023-05-26,327.7929992675781,36630600
2023-05-30,326.1387023925781,29503100
2023-05-31,323.36187744140625,45950600
2023-06-01,327.4876403808594,26773900
2023-06-02,330.2644958496094,25873800
2023-06-05,330.7962646484375,21307100
2023-06-06,328.57086181640625,20396200
2023-06-07,318.4285583496094,40717100
2023-06-08,320.27978515625,23277700
2023-06-09,321.7863464355469,22529000
2023-06-12,326.76885986328125,24260300
2023-06-13,329.1714782714844,22951300
2023-06-14,332.1748352050781,26003800
2023-06-15,342.7700500488281,38899100
2023-06-16,337.0884094238281,46552000
2023-06-20,332.8739318847656,26375400
2023-06-21,328.45269775390625,25117800
2023-06-22,334.508544921875,23556800
2023-06-23,329.89031982421875,23146900
2023-06-26,323.5686340332031,21520600
2023-06-27,329.4472961425781,24354100
2023-06-28,330.7076416015625,20259500
2023-06-29,329.91986083984375,16997000
2023-06-30,335.3258361816406,26832800
2023-07-03,332.8148498535156,12508700
2023-07-05,332.972412109375,18172400
2023-07-06,336.04461669921875,28161200
2023-07-07,332.056640625,21214800
2023-07-10,326.7491760253906,32791400
2023-07-11,327.37939453125,26698200
2023-07-12,332.0370178222656,29995300
2023-07-13,337.41339111328125,20567200
2023-07-14,339.9538269042969,28352700
2023-07-17,340.4364013671875,20363900
2023-07-18,353.98565673828125,64738600
2023-07-19,349.6431884765625,39732900
2023-07-20,341.5589294433594,33778400
2023-07-21,338.5063781738281,69405400
2023-07-24,339.82586669921875,26678100
2023-07-25,345.6059875488281,41637700
2023-07-26,332.59820556640625,58383700
2023-07-27,325.6561584472656,39635300
2023-07-28,333.18902587890625,28484900
2023-07-31,330.7765808105469,25446000
2023-08-01,331.19012451171875,18311900
2023-08-02,322.4854736328125,27761300
2023-08-03,321.6583557128906,18253700
2023-08-04,322.7611999511719,23741500
2023-08-07,325.05548095703125,17741500
2023-08-08,321.0576477050781,22327600
2023-08-09,317.29620361328125,22373300
2023-08-10,317.9854431152344,20113700
2023-08-11,316.0948486328125,24355500
2023-08-14,319.0785217285156,18836100
2023-08-15,316.93182373046875,16966300
2023-08-16,316.16217041015625,20698900
2023-08-17,312.6887512207031,21257200
2023-08-18,312.2940368652344,24755000
2023-08-21,317.6225891113281,24040000
2023-08-22,318.19488525390625,16084600
2023-08-23,322.67486572265625,21166400
2023-08-24,315.7378234863281,23281400
2023-08-25,318.7080383300781,21684100
2023-08-28,319.4184875488281,14808500
2023-08-29,324.0661926269531,19284600
2023-08-30,324.4411926269531,15222100
2023-08-31,323.4248352050781,26411000
2023-09-01,324.3128967285156,14942000
2023-09-05,329.1381530761719,18553900
2023-09-06,328.47711181640625,17535800
2023-09-07,325.54638671875,18381000
2023-09-08,329.84869384765625,19530100
2023-09-11,333.47015380859375,16583300
2023-09-12,327.3818054199219,17565500
2023-09-13,331.614990234375,16544400
2023-09-14,334.22015380859375,20267000
2023-09-15,325.8523254394531,37679800
2023-09-18,324.7076110839844,16834200
2023-09-19,324.30303955078125,16505900
2023-09-20,316.52728271484375,21436500
2023-09-21,315.3036804199219,35560400
2023-09-22,312.8170166015625,21447900
2023-09-25,313.3399963378906,17836000
2023-09-26,308.0114440917969,26297600
2023-09-27,308.65283203125,19410100
2023-09-28,309.4915771484375,19683600
2023-09-29,311.5736999511719,24147300
2023-10-02,317.5436096191406,20570000
2023-10-03,309.2449035644531,21033500
2023-10-04,314.7412109375,20720100
2023-10-05,315.13592529296875,16965600
2023-10-06,322.93145751953125,25673600
2023-10-09,325.4575500488281,19891200
2023-10-10,324.0465087890625,20557100
2023-10-11,328.0232238769531,20063200
2023-10-12,326.7798767089844,19313100
2023-10-13,323.3952331542969,21072400
2023-10-16,328.2403259277344,22158000
2023-10-17,327.6679382324219,18338500
2023-10-18,325.74371337890625,23153600
2023-10-19,326.9377136230469,25052100
2023-10-20,322.3492431640625,25027700
2023-10-23,324.9642028808594,24374700
2023-10-24,326.158203125,31153600
2023-10-25,336.1640625,55053800
2023-10-26,323.5531005859375,37828500
2023-10-27,325.4477233886719,29856500
2023-10-30,332.8485107421875,22828100
2023-10-31,333.6379089355469,20265300
2023-11-01,341.4926452636719,28158800
2023-11-02,343.7128601074219,24348100
2023-11-03,348.13360595703125,23637700
2023-11-06,351.81427001953125,23828300
2023-11-07,355.7613830566406,25833900
2023-11-08,358.3960876464844,26767800
2023-11-09,355.9192810058594,24847300
2023-11-10,364.7804870605469,28042100
2023-11-13,361.83001708984375,19986500
2023-11-14,365.37255859375,27683900
2023-11-15,365.5208435058594,26860100
2023-11-16,371.9479064941406,27182300
2023-11-17,365.6988830566406,40157000
2023-11-20,373.20367431640625,52465100
2023-11-21,368.8826904296875,28423100
2023-11-22,373.6090698242187,23345300
2023-11-24,373.1937255859375,10176600
2023-11-27,374.3605346679687,22179200
2023-11-28,378.4046020507813,20453100
2023-11-29,374.5978698730469,28963400
2023-11-30,374.65716552734375,30554400
2023-12-01,370.3065490722656,33040500
2023-12-04,364.996826171875,32063300
2023-12-05,368.3388366699219,23065000
2023-12-06,364.6606140136719,21182100
2023-12-07,366.7865295410156,23118900
2023-12-08,370.0296936035156,20154400
2023-12-11,367.1325378417969,27708800
2023-12-12,370.1780090332031,24838300
2023-12-13,370.1681213378906,30955500
2023-12-14,361.8228454589844,43277500
2023-12-15,366.5690002441406,78502300
2023-12-18,368.4674377441406,21802900
2023-12-19,369.0705871582031,20603700
2023-12-20,366.460205078125,26316700
2023-12-21,369.347412109375,17708000
2023-12-22,370.3757629394531,17107500
2023-12-26,370.4548950195313,12673100
2023-12-27,369.8714904785156,14905400
2023-12-28,371.0679016113281,14327000
2023-12-29,371.8193664550781,18730800
2024-01-02,366.7073669433594,25258600
2024-01-03,366.4404296875,23083500
2024-01-04,363.8102416992187,20901500
2024-01-05,363.6224060058594,21004600
2024-01-08,370.4845275878906,23134000
2024-01-09,371.5721435546875,20830000
2024-01-10,378.4737854003906,25514200
2024-01-11,380.3129577636719,27850800
2024-01-12,384.10986328125,21661200
2024-01-16,385.8896484375,27202300
2024-01-17,385.0986328125,22234100
2024-01-18,389.4491882324219,23392100
2024-01-19,394.19537353515625,29331100
2024-01-22,392.0596618652344,27016900
2024-01-23,394.4227600097656,20525900
2024-01-24,398.0417175292969,24867000
2024-01-25,400.32574462890625,21021200
2024-01-26,399.3963623046875,17803300
2024-01-29,405.121337890625,24510200
2024-01-30,404.0040283203125,33477600
2024-01-31,393.1176452636719,47871100
2024-02-01,399.2480163574219,30657700
2024-02-02,406.6044616699219,28256700
2024-02-05,401.0970153808594,25352300
2024-02-06,400.9388427734375,18382600
2024-02-07,409.4027404785156,22340500
2024-02-08,409.4620666503906,21225300
2024-02-09,415.8297729492187,22032800
2024-02-12,410.59912109375,21202900
2024-02-13,401.759521484375,27824900
2024-02-14,405.6426696777344,20401200
2024-02-15,402.7402038574219,21825500
2024-02-16,400.263671875,22296500
2024-02-20,399.0056457519531,24307900
2024-02-21,398.4013366699219,18518900
2024-02-22,407.7823486328125,27009900
2024-02-23,406.4846801757813,16295900
2024-02-26,403.7110290527344,16193500
2024-02-27,403.6515808105469,14835800
2024-02-28,403.8892822265625,13183100
2024-02-29,409.7536926269531,31947300
2024-03-01,411.5962219238281,17823400
2024-03-04,411.0216979980469,17596000
2024-03-05,398.8669128417969,26919200
2024-03-06,398.3121948242187,22344100
2024-03-07,405.2960205078125,18718500
2024-03-08,402.4034118652344,18002200
2024-03-11,400.7193603515625,16120800
2024-03-12,411.3782653808594,22457000
2024-03-13,411.2000122070313,17115900
2024-03-14,421.2249145507813,34157300
2024-03-15,412.5075988769531,45079900
2024-03-18,413.3991088867187,20106000
2024-03-19,417.4507141113281,19837900
2024-03-20,421.23480224609375,17860100
2024-03-21,425.3359069824219,21296200
2024-03-22,424.7118225097656,17648500
2024-03-25,418.8870544433594,18060500
2024-03-26,417.68841552734375,16725600
2024-03-27,417.4704895019531,16705000
2024-03-28,416.7671813964844,21871200
2024-04-01,420.5809631347656,16316000
2024-04-02,417.48040771484375,17912000
2024-04-03,416.4996643066406,16502300
2024-04-04,413.953857421875,19370900
2024-04-05,421.5220642089844,16554800
2024-04-08,420.6007995605469,14272400
2024-04-09,422.27490234375,12496900
2024-04-10,419.2833251953125,16216600
2024-04-11,423.9094543457031,17966400
2024-04-12,417.93609619140625,19253800
2024-04-15,409.7536926269531,20273500
2024-04-16,410.6848449707031,16765600
2024-04-17,407.9705810546875,15855500
2024-04-18,400.47174072265625,21029900
2024-04-19,395.3701171875,30565800
2024-04-22,397.19281005859375,20286900
2024-04-23,403.74072265625,15734500
2024-04-24,405.2167053222656,15065300
2024-04-25,395.2908630371094,40586500
2024-04-26,402.5024719238281,29694700
2024-04-29,398.470703125,19582100
2024-04-30,385.6720886230469,28781400
2024-05-01,391.2294006347656,23562500
2024-05-02,394.10211181640625,17709400
2024-05-03,402.8392639160156,17446700
2024-05-06,409.6546325683594,16996600
2024-05-07,405.4941101074219,20018200
2024-05-08,406.6828002929687,11792300
2024-05-09,408.4461364746094,14689700
2024-05-10,410.84332275390625,13402300
2024-05-13,409.8329162597656,15440200
2024-05-14,412.6462707519531,15109300
2024-05-15,419.8609619140625,22239500
2024-05-16,417.7868347167969,17530100
2024-05-17,417.01275634765625,15352200
2024-05-20,422.103759765625,16272100
2024-05-21,425.7755737304687,21453300
2024-05-22,427.2443237304687,18073700
2024-05-23,423.7510986328125,17211700
2024-05-24,426.8870849609375,11855300
2024-05-28,427.0458679199219,15718000
2024-05-29,425.9046020507813,15517100
2024-05-30,411.5149536132813,28394500
2024-05-31,411.971435546875,47995300
2024-06-03,410.3736877441406,17484700
2024-06-04,412.904296875,14348900
2024-06-05,420.7838745117187,16988000
2024-06-06,421.28997802734375,14861300
2024-06-07,420.6250915527344,13621700
2024-06-10,424.6144714355469,13982900
2024-06-11,429.3878784179687,14551100
2024-06-12,437.7041320800781,22366200
2024-06-13,438.2201843261719,15960600
2024-06-14,439.2026672363281,13582000
2024-06-17,444.9585266113281,20790000
2024-06-18,442.9439697265625,17112500
2024-06-20,442.3088684082031,19877400
2024-06-21,446.3578186035156,34187100
2024-06-24,444.2638549804687,15913700
2024-06-25,447.5188903808594,16413400
2024-06-26,448.71966552734375,16507000
2024-06-27,449.4044494628906,14806300
2024-06-28,443.5493469238281,28362300
2024-07-01,453.2549133300781,17662800
2024-07-02,455.7854919433594,13979800
2024-07-03,457.26416015625,9932800
2024-07-05,464.00250244140625,16000300
2024-07-08,462.6925354003906,12962300
2024-07-09,456.0435485839844,17207200
2024-07-10,462.7024841308594,18196100
2024-07-11,451.2403869628906,23111200
2024-07-12,450.0990905761719,16324300
2024-07-15,450.5059814453125,14429400
2024-07-16,446.0997619628906,17175700
2024-07-17,440.1454162597656,21778000
2024-07-18,437.0193786621094,20794800
2024-07-19,433.7841796875,20940400
2024-07-22,439.56988525390625,15808800
2024-07-23,441.4653015136719,13107100
2024-07-24,425.6366882324219,26805800
2024-07-25,415.216552734375,29943800
2024-07-26,422.0342712402344,23583800
2024-07-29,423.4831848144531,15125800
2024-07-30,419.7021789550781,32687600
2024-07-31,415.16693115234375,42891400
2024-08-01,413.9363403320313,30296400
2024-08-02,405.3819580078125,29437900
2024-08-05,392.1434326171875,40709200
2024-08-06,396.5695190429687,24946500
2024-08-07,395.3984680175781,20650900
2024-08-08,399.6260681152344,20203000
2024-08-09,402.93072509765625,19276700
2024-08-12,403.7147216796875,16762900
2024-08-13,410.8599548339844,19414300
2024-08-14,413.6882629394531,18267000
2024-08-15,418.57965087890625,20752100
2024-08-16,416.0345153808594,22775600
2024-08-19,419.07672119140625,15234000
2024-08-20,422.3276672363281,16387600
2024-08-21,421.6715698242187,16067300
2024-08-22,413.1315307617187,19361900
2024-08-23,414.36431884765625,18493800
2024-08-26,411.08349609375,13152800
2024-08-27,411.4314575195313,13492900
2024-08-28,408.2103576660156,14882700
2024-08-29,410.7156677246094,17045200
2024-08-30,414.7122802734375,24308300
2024-09-03,407.0570983886719,20313600
2024-09-04,406.5202331542969,15135800
2024-09-05,406.01318359375,14195500
2024-09-06,399.3621215820313,19609500
2024-09-09,403.3587341308594,15295100
2024-09-10,411.7893981933594,19594300
2024-09-11,420.5779418945313,19266900
2024-09-12,424.514892578125,17395700
2024-09-13,428.083984375,15874600
2024-09-16,428.8296203613281,13834700
2024-09-17,432.6174621582031,18874200
2024-09-18,428.302734375,18898000
2024-09-19,436.1368713378906,21706600
2024-09-20,432.7367858886719,55167100
2024-09-23,430.9870300292969,15128900
2024-09-24,426.6722717285156,17015800
2024-09-25,429.59515380859375,13396400
2024-09-26,428.7998046875,14492000
2024-09-27,425.5289306640625,14896100
2024-09-30,427.795654296875,16807300
2024-10-01,418.2416076660156,19092900
2024-10-02,414.7023620605469,16582300
2024-10-03,414.11578369140625,13686400
2024-10-04,413.6385498046875,19169700
2024-10-07,407.1565246582031,20919800
2024-10-08,412.29644775390625,19229300
2024-10-09,415.0303955078125,14974300
2024-10-10,413.41986083984375,13848400
2024-10-11,413.89703369140625,14144900
2024-10-14,416.7006530761719,16653100
2024-10-15,416.3029479980469,18900200
2024-10-16,413.69818115234375,15508900
2024-10-17,414.2947082519531,14820000
2024-10-18,415.7263488769531,17145300
2024-10-21,416.3427429199219,14206100
2024-10-22,425.0219421386719,25482200
2024-10-23,422.1288757324219,19654400
2024-10-24,422.2581176757813,13581600
2024-10-25,425.658203125,16899100
2024-10-28,424.1072998046875,14882400
2024-10-29,429.43609619140625,17644100
2024-10-30,430.0127258300781,29749100
2024-10-31,403.985107421875,53971000
2024-11-01,407.981689453125,24230400
2024-11-04,406.0827941894531,19672300
2024-11-05,409.0653076171875,17626000
2024-11-06,417.7345581054687,26681800
2024-11-07,422.9540100097656,19901800
2024-11-08,420.0808410644531,16891400
2024-11-11,415.57720947265625,24503300
2024-11-12,420.5679931640625,19401200
2024-11-13,422.7253723144531,21502200
2024-11-14,424.4055480957031,30246900
2024-11-15,412.5847473144531,28247600
2024-11-18,413.34033203125,24727000
2024-11-19,415.3584899902344,18133500
2024-11-20,413.0718688964844,19191700
2024-11-21,411.2887268066406,20780200
2024-11-22,415.40289306640625,24814600
2024-11-25,417.1860656738281,27691100
2024-11-26,426.350830078125,23458900
2024-11-27,421.3699645996094,18332400
2024-11-29,421.8381958007813,16271900
2024-12-02,429.3293762207031,20207200
2024-12-03,429.5485534667969,18302000
2024-12-04,435.7447204589844,26009400
2024-12-05,440.9248046875,21697800
2024-12-06,441.87115478515625,18821000
2024-12-09,444.311767578125,19144400
2024-12-10,441.6320495605469,18469500
2024-12-11,447.2704162597656,19200200
2024-12-12,447.8381958007813,20834800
2024-12-13,445.5569763183594,20177800
2024-12-16,449.86041259765625,23598800
2024-12-17,452.7194519042969,22733500
2024-12-18,435.71484375,24444500
2024-12-19,435.356201171875,22963700
2024-12-20,434.9278869628906,64263700
2024-12-23,433.5830383300781,19152500
2024-12-24,437.64739990234375,7164500
2024-12-26,436.43206787109375,8194200
2024-12-27,428.881103515625,18117700
2024-12-30,423.2029113769531,13158700
2024-12-31,419.88568115234375,13246500
2025-01-02,416.9768676757813,16896500
2025-01-03,421.7286071777344,16662900
2025-01-06,426.21136474609375,20573600
2025-01-07,420.7523498535156,18139100
2025-01-08,422.9339599609375,15054600
2025-01-10,417.345458984375,20201100
2025-01-13,415.5921936035156,17604800
2025-01-14,414.0780334472656,16935900
2025-01-15,424.67724609375,19637800
2025-01-16,422.953857421875,15300000
2025-01-17,427.3868408203125,26197500
2025-01-21,426.85888671875,26085700
2025-01-22,444.4910888671875,27803800
2025-01-23,444.9991149902344,18389300
2025-01-24,442.3592834472656,15549500
2025-01-27,432.8956604003906,35647800
2025-01-28,445.4872741699219,23491700
2025-01-29,440.6358947753906,23581400
2025-01-30,413.4006042480469,54586300
2025-01-31,413.4703369140625,34161900
2025-02-03,409.3462219238281,25679100
2025-02-04,410.7906494140625,20532100
2025-02-05,411.7071228027344,16316700
2025-02-06,414.2274475097656,16309800
2025-02-07,408.1806945800781,22886800
2025-02-10,410.6412048339844,20817900
2025-02-11,409.86419677734375,18140600
2025-02-12,407.473388671875,19121700
2025-02-13,408.9676513671875,23891700
2025-02-14,406.86572265625,22758500
2025-02-18,408.0711059570313,21423100
2025-02-19,413.1814270019531,24114200
2025-02-20,415.3674621582031,23508700
2025-02-21,407.4619445800781,27524800
2025-02-24,403.2596740722656,26443700
2025-02-25,397.17083740234375,29387400
2025-02-26,398.99749755859375,19619000
2025-02-27,391.8106994628906,21127400
2025-02-28,396.2625122070313,32845700
2025-03-03,387.778076171875,23007700
2025-03-04,387.8978576660156,29342900
2025-03-05,400.2851257324219,23433100
2025-03-06,396.1627197265625,23304600
2025-03-07,392.5892639160156,22034100
2025-03-10,379.46337890625,32840100
2025-03-11,379.7528381347656,30380200
2025-03-12,382.5676574707031,24253600
2025-03-13,378.0758972167969,20473000
2025-03-14,387.8479614257813,19952800
2025-03-17,387.98773193359375,22474300
2025-03-18,382.8171997070313,19486900
2025-03-19,387.1093444824219,19185500
2025-03-20,386.131103515625,18470500
2025-03-21,390.54302978515625,39675900
2025-03-24,392.3596801757813,21004500
2025-03-25,394.4358825683594,15775000
2025-03-26,389.2554016113281,16108400
2025-03-27,389.8642578125,13766800
2025-03-28,378.1058349609375,21632000
2025-03-31,374.7021179199219,35184700
2025-04-01,381.4896545410156,19689500
2025-04-02,381.4397583007813,16092600
2025-04-03,372.42626953125,30198000
2025-04-04,359.18060302734375,49209900
2025-04-07,357.2042236328125,50425000
2025-04-08,353.9102783203125,35868900
2025-04-09,389.7744140625,50199700
2025-04-10,380.6511840820313,38024400
2025-04-11,387.7381896972656,23839200
2025-04-14,387.0993347167969,19251200
2025-04-15,385.0231628417969,17199900
2025-04-16,370.9290161132813,21967800
2025-04-17,367.1060485839844,21120200
2025-04-21,358.4619140625,20807300
2025-04-22,366.1478271484375,19485000
2025-04-23,373.7039489746094,20545500
2025-04-24,386.59027099609375,22232300
2025-04-25,391.1319580078125,18973200
2025-04-28,390.4432067871094,16579400
2025-04-29,393.31793212890625,14974000
2025-04-30,394.53570556640625,36461100
2025-05-01,424.6204528808594,58938100
2025-05-02,434.48236083984375,30757400
2025-05-05,435.3707275390625,20136100
2025-05-06,432.5159606933594,15104200
2025-05-07,432.555908203125,23295300
2025-05-08,437.3670654296875,23491300
2025-05-09,437.9260559082031,15324200
2025-05-12,448.4367370605469,22821900
2025-05-13,448.3169860839844,23618800
2025-05-14,452.1099853515625,19902800
2025-05-15,453.1300048828125,21992300
2025-05-16,454.2699890136719,23849800
2025-05-19,458.8699951171875,21336500
2025-05-20,458.1700134277344,15441800
2025-05-21,452.5700073242187,19216900
2025-05-22,454.8599853515625,18025600
2025-05-23,450.1799926757813,16883500
2025-05-27,460.69000244140625,20974300
2025-05-28,457.3599853515625,17086300
2025-05-29,458.6799926757813,13974800
2025-05-30,460.3599853515625,34770500
2025-06-02,461.9700012207031,16626500
2025-06-03,462.9700012207031,15743800
2025-06-04,463.8699951171875,14162700
2025-06-05,467.6799926757813,20131700
2025-06-06,470.3800048828125,15285600
2025-06-09,472.75,16469900
2025-06-10,470.9200134277344,15375900
2025-06-11,472.6199951171875,16399200
2025-06-12,478.8699951171875,18950600
2025-06-13,474.9599914550781,16814500
2025-06-16,479.1400146484375,15626100
2025-06-17,478.0400085449219,15414100
2025-06-18,480.239990234375,17526500
2025-06-20,477.3999938964844,37576200
2025-06-23,486.0,24864000
2025-06-24,490.1099853515625,22305600
2025-06-25,492.2699890136719,17495100
2025-06-26,497.4500122070313,21578900
2025-06-27,495.94000244140625,34539200
2025-06-30,497.4100036621094,28369000
2025-07-01,492.0499877929687,19945400
2025-07-02,491.0899963378906,16319600
2025-07-03,498.8399963378906,13984800
2025-07-07,497.7200012207031,13981600
2025-07-08,496.6199951171875,11846600
2025-07-09,503.510009765625,18659500
2025-07-10,501.4800109863281,16492100
2025-07-11,503.3200073242187,16459500
2025-07-14,503.0199890136719,12058800
2025-07-15,505.8200073242187,14927200
2025-07-16,505.6199951171875,15154400
2025-07-17,511.7000122070313,17503100
2025-07-18,510.0499877929687,21209700
2025-07-21,510.05999755859375,14066800
2025-07-22,505.2699890136719,13868600
2025-07-23,505.8699951171875,16396600
2025-07-24,510.8800048828125,16107000
2025-07-25,513.7100219726562,19125700
2025-07-28,512.5,14308000
2025-07-29,512.5700073242188,16469200
2025-07-30,513.239990234375,26380400
2025-07-31,533.5,51617300
2025-08-01,524.1099853515625,28977600
2025-08-04,535.6400146484375,25349000
2025-08-05,527.75,19171600
2025-08-06,524.9400024414062,21355700
2025-08-07,520.8400268554688,16079100
2025-08-08,522.0399780273438,15531000
2025-08-11,521.77001953125,20194400
2025-08-12,529.239990234375,18667000
2025-08-13,520.5800170898438,19619200
2025-08-14,522.47998046875,20254000
